Order_ID,Order_Date,Product,Category,Sales,Quantity
ORD-00001,2023-10-10,Canon R5,Accessories,5053.25,5
ORD-00002,2024-01-29,Sony WH-1000,Camera,6352.54,4
ORD-00003,2023-05-16,MacBook Pro,Accessories,1749.93,1
ORD-00004,2024-04-22,Samsung S24,Camera,2839.07,2
ORD-00005,2024-05-28,DJI Mini 4,Accessories,3760.42,2
ORD-00006,2024-01-04,MacBook Pro,Accessories,1987.71,2
ORD-00007,2024-10-18,Canon R5,Accessories,589.06,1
ORD-00008,2023-03-21,Nikon Z6,Electronics,431.11,3
ORD-00009,2023-08-01,Samsung S24,Camera,614.23,1
ORD-00010,2023-09-10,iPhone 15,Electronics,522.77,5
ORD-00011,2023-03-31,iPad Air,Accessories,8961.06,5
ORD-00012,2023-10-05,Samsung S24,Accessories,6713.85,4
ORD-00013,2024-08-02,Samsung S24,Accessories,5419.92,4
ORD-00014,2023-04-06,MacBook Pro,Camera,5573.38,5
ORD-00015,2023-07-02,Galaxy Tab,Electronics,608.18,1
ORD-00016,2024-06-20,DJI Mini 4,Accessories,7638.48,5
ORD-00017,2023-01-21,Galaxy Tab,Electronics,1676.85,4
ORD-00018,2023-08-20,iPhone 15,Electronics,1869.02,1
ORD-00019,2024-05-03,iPhone 15,Accessories,1552.5,3
ORD-00020,2024-06-02,iPhone 15,Electronics,969.87,2
ORD-00021,2024-04-26,Dell XPS 13,Accessories,6599.37,5
ORD-00022,2024-05-09,Galaxy Tab,Accessories,4954.87,5
ORD-00023,2024-03-09,MacBook Pro,Electronics,5760.19,4
ORD-00024,2024-08-29,Canon R5,Accessories,765.78,4
ORD-00025,2024-01-10,Canon R5,Accessories,9374.02,5
ORD-00026,2024-05-26,DJI Mini 4,Accessories,5920.94,3
ORD-00027,2023-08-29,Samsung S24,Electronics,4139.38,4
ORD-00028,2024-08-19,MacBook Pro,Electronics,2646.0,5
ORD-00029,2023-05-23,Galaxy Tab,Camera,1686.69,1
ORD-00030,2023-04-21,Canon R5,Camera,4000.5,3
ORD-00031,2024-04-03,iPad Air,Accessories,1965.97,1
ORD-00032,2023-01-20,MacBook Pro,Accessories,3517.34,4
ORD-00033,2024-01-27,Dell XPS 13,Accessories,3352.32,3
ORD-00034,2023-12-14,DJI Mini 4,Accessories,1322.2,2
ORD-00035,2024-07-20,MacBook Pro,Camera,5677.93,5
ORD-00036,2023-02-23,MacBook Pro,Camera,2653.64,4
ORD-00037,2024-08-19,iPhone 15,Accessories,1897.06,2
ORD-00038,2023-04-21,Canon R5,Camera,1984.19,1
ORD-00039,2023-03-30,Sony WH-1000,Camera,1226.25,5
ORD-00040,2024-02-16,Canon R5,Camera,3829.62,2
ORD-00041,2023-05-06,Sony WH-1000,Camera,2777.68,2
ORD-00042,2024-02-08,iPhone 15,Accessories,1369.93,3
ORD-00043,2023-03-23,Dell XPS 13,Camera,6999.65,4
ORD-00044,2024-07-12,Galaxy Tab,Accessories,1561.37,3
ORD-00045,2023-11-23,Canon R5,Electronics,970.99,4
ORD-00046,2023-04-05,Nikon Z6,Accessories,4563.04,3
ORD-00047,2024-08-17,Samsung S24,Camera,3149.47,4
ORD-00048,2024-06-28,iPhone 15,Electronics,4404.48,3
ORD-00049,2023-08-02,iPhone 15,Accessories,1342.51,1
ORD-00050,2024-10-14,Canon R5,Electronics,6933.57,5
ORD-00051,2024-08-16,MacBook Pro,Accessories,173.93,1
ORD-00052,2024-03-18,Dell XPS 13,Accessories,5822.61,3
ORD-00053,2023-05-13,iPhone 15,Electronics,1066.79,5
ORD-00054,2024-07-17,Sony WH-1000,Camera,1994.74,1
ORD-00055,2023-12-22,Dell XPS 13,Camera,191.15,1
ORD-00056,2023-01-12,Samsung S24,Camera,691.22,1
ORD-00057,2023-07-15,Galaxy Tab,Electronics,1724.71,1
ORD-00058,2023-07-16,iPhone 15,Accessories,944.24,3
ORD-00059,2023-05-21,Nikon Z6,Accessories,4305.44,4
ORD-00060,2023-01-13,Samsung S24,Accessories,1223.44,5
ORD-00061,2024-12-30,Sony WH-1000,Camera,6967.98,4
ORD-00062,2024-08-17,MacBook Pro,Accessories,514.38,4
ORD-00063,2024-12-12,Samsung S24,Electronics,3099.43,2
ORD-00064,2023-03-17,Nikon Z6,Electronics,1168.55,4
ORD-00065,2024-04-19,Galaxy Tab,Camera,1542.92,4
ORD-00066,2024-05-16,Sony WH-1000,Electronics,423.61,1
ORD-00067,2023-08-03,Nikon Z6,Camera,231.89,1
ORD-00068,2024-08-07,MacBook Pro,Accessories,620.46,1
ORD-00069,2024-08-09,Nikon Z6,Accessories,8913.19,5
ORD-00070,2023-03-29,Dell XPS 13,Camera,1492.52,2
ORD-00071,2023-01-02,Sony WH-1000,Electronics,1430.7,1
ORD-00072,2024-04-06,Sony WH-1000,Camera,3623.65,5
ORD-00073,2023-07-29,Canon R5,Accessories,1692.46,4
ORD-00074,2023-08-08,Sony WH-1000,Camera,2331.87,2
ORD-00075,2023-11-19,Galaxy Tab,Electronics,6048.69,4
ORD-00076,2024-05-30,Galaxy Tab,Accessories,3636.7,4
ORD-00077,2023-03-08,iPad Air,Electronics,2459.03,5
ORD-00078,2023-04-09,iPad Air,Electronics,1665.85,1
ORD-00079,2023-01-22,iPhone 15,Electronics,3021.04,4
ORD-00080,2024-09-24,iPad Air,Electronics,9131.55,5
ORD-00081,2023-07-11,iPad Air,Electronics,4682.73,4
ORD-00082,2023-02-06,Samsung S24,Camera,1450.12,2
ORD-00083,2024-09-23,DJI Mini 4,Accessories,4194.14,3
ORD-00084,2023-07-28,Samsung S24,Camera,3602.07,3
ORD-00085,2023-06-13,Nikon Z6,Accessories,1657.17,1
ORD-00086,2024-03-13,MacBook Pro,Accessories,3234.56,2
ORD-00087,2023-05-10,Canon R5,Electronics,1335.61,1
ORD-00088,2023-11-17,Canon R5,Accessories,3208.36,5
ORD-00089,2023-03-03,iPad Air,Electronics,2478.94,3
ORD-00090,2023-05-23,Galaxy Tab,Camera,6086.05,4
ORD-00091,2024-09-02,Dell XPS 13,Camera,542.18,1
ORD-00092,2024-05-04,iPhone 15,Electronics,4943.13,4
ORD-00093,2023-08-15,Sony WH-1000,Camera,1745.17,1
ORD-00094,2024-06-02,DJI Mini 4,Electronics,677.4,1
ORD-00095,2023-04-23,Galaxy Tab,Electronics,6106.19,5
ORD-00096,2023-08-11,Canon R5,Accessories,1681.99,1
ORD-00097,2024-11-10,Dell XPS 13,Electronics,877.25,4
ORD-00098,2024-09-05,Nikon Z6,Camera,2902.39,2
ORD-00099,2024-03-14,iPad Air,Camera,3387.24,2
ORD-00100,2023-12-18,iPad Air,Electronics,5092.53,5
ORD-00101,2023-05-28,MacBook Pro,Electronics,996.61,2
ORD-00102,2024-06-05,Canon R5,Accessories,3276.85,3
ORD-00103,2024-10-05,Canon R5,Camera,1054.25,1
ORD-00104,2023-12-17,iPad Air,Electronics,1580.86,1
ORD-00105,2023-07-16,Dell XPS 13,Electronics,1673.82,3
ORD-00106,2023-04-08,DJI Mini 4,Camera,5875.71,3
ORD-00107,2023-12-31,MacBook Pro,Accessories,6699.16,5
ORD-00108,2023-03-12,Galaxy Tab,Camera,2161.08,2
ORD-00109,2024-10-14,iPhone 15,Camera,1548.31,1
ORD-00110,2023-12-23,Samsung S24,Accessories,3637.53,2
ORD-00111,2024-03-28,iPhone 15,Camera,3800.99,5
ORD-00112,2023-12-13,Canon R5,Camera,1887.15,2
ORD-00113,2024-03-04,iPhone 15,Camera,1745.42,1
ORD-00114,2023-10-11,Galaxy Tab,Electronics,3445.87,2
ORD-00115,2023-04-21,Sony WH-1000,Accessories,4952.59,3
ORD-00116,2024-09-10,MacBook Pro,Electronics,6729.17,5
ORD-00117,2024-10-20,DJI Mini 4,Camera,3565.55,5
ORD-00118,2023-05-24,DJI Mini 4,Camera,1127.74,5
ORD-00119,2024-08-17,iPad Air,Accessories,3708.89,4
ORD-00120,2023-04-19,Samsung S24,Accessories,389.0,1
ORD-00121,2024-01-06,Sony WH-1000,Electronics,5453.73,3
ORD-00122,2024-01-29,Nikon Z6,Accessories,3110.42,5
ORD-00123,2023-08-29,Samsung S24,Accessories,2312.54,2
ORD-00124,2023-08-31,Galaxy Tab,Accessories,3143.17,4
ORD-00125,2024-06-24,Canon R5,Camera,5053.47,3
ORD-00126,2023-07-04,MacBook Pro,Accessories,1695.13,2
ORD-00127,2023-05-28,iPad Air,Camera,3158.36,3
ORD-00128,2024-09-10,iPhone 15,Electronics,3313.7,3
ORD-00129,2023-08-08,Samsung S24,Camera,3908.52,2
ORD-00130,2024-05-31,Sony WH-1000,Electronics,2067.74,5
ORD-00131,2023-10-20,Sony WH-1000,Camera,1237.3,1
ORD-00132,2023-01-18,Dell XPS 13,Electronics,770.18,1
ORD-00133,2023-01-17,Canon R5,Camera,1438.58,2
ORD-00134,2024-12-21,Canon R5,Camera,2485.33,3
ORD-00135,2024-04-17,Galaxy Tab,Camera,3868.03,2
ORD-00136,2023-09-20,DJI Mini 4,Camera,7055.96,4
ORD-00137,2024-11-05,Nikon Z6,Accessories,2344.76,5
ORD-00138,2024-03-20,iPad Air,Accessories,3969.33,3
ORD-00139,2023-07-01,MacBook Pro,Accessories,6487.54,5
ORD-00140,2024-01-13,Nikon Z6,Camera,3791.63,3
ORD-00141,2023-02-12,Nikon Z6,Camera,1750.48,2
ORD-00142,2023-09-25,Nikon Z6,Electronics,5332.73,4
ORD-00143,2023-08-10,Dell XPS 13,Electronics,1027.85,3
ORD-00144,2023-04-16,Sony WH-1000,Camera,1733.05,1
ORD-00145,2024-05-07,iPad Air,Camera,889.98,1
ORD-00146,2024-05-02,MacBook Pro,Camera,2353.34,4
ORD-00147,2024-09-24,Dell XPS 13,Camera,3561.42,3
ORD-00148,2023-04-02,Dell XPS 13,Electronics,4511.31,4
ORD-00149,2023-05-05,Canon R5,Camera,6143.51,4
ORD-00150,2023-12-12,Galaxy Tab,Camera,8642.51,5
ORD-00151,2024-05-28,Samsung S24,Electronics,6569.15,4
ORD-00152,2023-05-09,Nikon Z6,Accessories,3208.01,3
ORD-00153,2023-11-24,Sony WH-1000,Camera,7685.72,4
ORD-00154,2023-02-23,iPhone 15,Accessories,5408.79,3
ORD-00155,2024-04-13,Sony WH-1000,Electronics,5862.74,3
ORD-00156,2023-06-22,iPhone 15,Camera,2129.21,3
ORD-00157,2024-07-17,DJI Mini 4,Camera,867.6,4
ORD-00158,2023-06-17,Canon R5,Accessories,6986.94,5
ORD-00159,2024-02-17,Galaxy Tab,Accessories,3190.04,2
ORD-00160,2023-02-15,Sony WH-1000,Accessories,807.3,1
ORD-00161,2023-09-09,Samsung S24,Accessories,5200.51,3
ORD-00162,2023-09-27,Sony WH-1000,Electronics,3801.22,5
ORD-00163,2023-01-28,Canon R5,Accessories,2414.66,2
ORD-00164,2023-06-25,Samsung S24,Camera,4261.02,3
ORD-00165,2024-09-13,Galaxy Tab,Camera,1146.46,1
ORD-00166,2024-07-19,Canon R5,Accessories,6086.75,5
ORD-00167,2024-05-12,Canon R5,Electronics,1835.7,2
ORD-00168,2023-01-31,MacBook Pro,Electronics,1952.7,1
ORD-00169,2024-08-17,Galaxy Tab,Camera,5419.28,4
ORD-00170,2023-04-24,iPad Air,Accessories,1129.13,1
ORD-00171,2024-10-09,Canon R5,Accessories,611.86,4
ORD-00172,2023-01-05,MacBook Pro,Camera,5278.76,4
ORD-00173,2023-11-23,Dell XPS 13,Accessories,5049.69,4
ORD-00174,2023-06-24,Dell XPS 13,Electronics,2009.39,3
ORD-00175,2023-09-16,Samsung S24,Accessories,598.97,3
ORD-00176,2024-08-31,Dell XPS 13,Electronics,335.88,2
ORD-00177,2023-07-27,MacBook Pro,Electronics,4538.68,5
ORD-00178,2023-08-04,iPhone 15,Electronics,2654.2,3
ORD-00179,2023-07-18,Nikon Z6,Electronics,1413.31,1
ORD-00180,2023-12-08,Samsung S24,Electronics,2045.87,2
ORD-00181,2023-04-23,iPhone 15,Accessories,2935.89,5
ORD-00182,2024-10-19,iPad Air,Electronics,4647.69,5
ORD-00183,2024-08-29,Samsung S24,Accessories,5834.66,3
ORD-00184,2023-10-27,Galaxy Tab,Camera,8599.59,5
ORD-00185,2023-07-26,Canon R5,Camera,1819.73,1
ORD-00186,2023-05-03,Canon R5,Electronics,7564.05,5
ORD-00187,2024-07-12,MacBook Pro,Electronics,3540.33,2
ORD-00188,2023-04-15,DJI Mini 4,Electronics,2555.0,4
ORD-00189,2024-03-19,Nikon Z6,Accessories,1569.69,1
ORD-00190,2023-04-28,MacBook Pro,Electronics,1014.39,1
ORD-00191,2024-04-21,Canon R5,Electronics,5886.56,4
ORD-00192,2024-03-27,iPad Air,Camera,1426.4,2
ORD-00193,2023-12-04,iPad Air,Accessories,3089.48,3
ORD-00194,2023-12-21,Sony WH-1000,Accessories,3566.11,3
ORD-00195,2023-03-29,Canon R5,Electronics,3365.21,3
ORD-00196,2023-11-23,iPad Air,Camera,3728.93,5
ORD-00197,2023-08-17,Canon R5,Accessories,1528.9,1
ORD-00198,2024-11-21,Dell XPS 13,Accessories,2961.02,2
ORD-00199,2024-09-06,iPhone 15,Camera,1211.78,3
ORD-00200,2024-01-16,MacBook Pro,Accessories,747.33,3
ORD-00201,2024-02-25,iPad Air,Electronics,1566.03,3
ORD-00202,2024-08-21,Galaxy Tab,Accessories,945.22,3
ORD-00203,2024-08-03,Samsung S24,Camera,6534.57,5
ORD-00204,2023-04-12,Sony WH-1000,Camera,983.47,2
ORD-00205,2024-05-07,Samsung S24,Camera,1361.72,1
ORD-00206,2024-08-08,MacBook Pro,Accessories,1163.35,2
ORD-00207,2023-10-08,Nikon Z6,Camera,5937.23,4
ORD-00208,2023-03-04,DJI Mini 4,Accessories,3264.66,3
ORD-00209,2024-03-04,Samsung S24,Accessories,1766.29,1
ORD-00210,2023-08-08,Samsung S24,Accessories,322.51,1
ORD-00211,2024-10-21,iPad Air,Accessories,3907.78,4
ORD-00212,2024-01-08,Nikon Z6,Electronics,2487.58,2
ORD-00213,2023-05-27,Galaxy Tab,Camera,1021.71,1
ORD-00214,2024-02-09,MacBook Pro,Camera,9628.59,5
ORD-00215,2024-06-29,DJI Mini 4,Accessories,575.4,2
ORD-00216,2024-02-25,DJI Mini 4,Camera,3967.7,2
ORD-00217,2024-04-03,Nikon Z6,Accessories,3442.9,3
ORD-00218,2023-09-07,Sony WH-1000,Camera,977.56,1
ORD-00219,2023-06-29,Canon R5,Electronics,7854.01,4
ORD-00220,2024-09-23,iPhone 15,Electronics,1542.88,1
ORD-00221,2023-07-12,DJI Mini 4,Electronics,3431.3,2
ORD-00222,2023-07-08,iPhone 15,Electronics,7878.81,4
ORD-00223,2024-12-09,Samsung S24,Accessories,1540.42,2
ORD-00224,2024-01-21,iPhone 15,Electronics,3002.72,4
ORD-00225,2023-07-06,Nikon Z6,Accessories,665.64,4
ORD-00226,2023-05-28,Dell XPS 13,Accessories,430.22,2
ORD-00227,2023-08-19,Canon R5,Electronics,2417.22,4
ORD-00228,2023-02-16,iPhone 15,Electronics,635.48,3
ORD-00229,2023-06-21,Dell XPS 13,Camera,3910.37,3
ORD-00230,2023-03-17,Canon R5,Electronics,4017.5,4
ORD-00231,2024-05-07,iPhone 15,Camera,6645.96,4
ORD-00232,2024-05-01,Dell XPS 13,Electronics,5366.26,3
ORD-00233,2024-11-02,MacBook Pro,Camera,914.92,1
ORD-00234,2023-12-16,Sony WH-1000,Camera,2525.39,2
ORD-00235,2023-08-28,Dell XPS 13,Accessories,4230.07,5
ORD-00236,2023-09-19,MacBook Pro,Electronics,3568.43,2
ORD-00237,2023-10-28,Nikon Z6,Camera,2553.37,2
ORD-00238,2023-01-22,iPhone 15,Electronics,6294.18,4
ORD-00239,2024-09-15,Sony WH-1000,Electronics,1502.59,2
ORD-00240,2023-12-25,Dell XPS 13,Accessories,7865.01,5
ORD-00241,2024-08-09,Sony WH-1000,Electronics,746.59,4
ORD-00242,2023-12-10,Nikon Z6,Accessories,915.25,1
ORD-00243,2023-02-04,iPhone 15,Electronics,888.09,2
ORD-00244,2023-05-31,MacBook Pro,Accessories,649.26,5
ORD-00245,2024-06-02,iPad Air,Electronics,3536.89,5
ORD-00246,2023-10-21,iPhone 15,Camera,583.8,2
ORD-00247,2024-01-31,MacBook Pro,Camera,682.06,2
ORD-00248,2023-05-21,Sony WH-1000,Electronics,1397.0,5
ORD-00249,2023-09-11,Nikon Z6,Camera,1642.73,2
ORD-00250,2024-05-14,Dell XPS 13,Camera,1734.29,3
ORD-00251,2024-05-15,Canon R5,Accessories,1644.9,1
ORD-00252,2023-05-22,Dell XPS 13,Camera,3015.23,3
ORD-00253,2023-08-21,Galaxy Tab,Electronics,6346.76,4
ORD-00254,2023-06-16,MacBook Pro,Camera,1119.6,3
ORD-00255,2023-06-06,iPad Air,Electronics,2958.22,2
ORD-00256,2023-11-25,iPad Air,Accessories,5512.41,3
ORD-00257,2023-05-22,DJI Mini 4,Camera,4472.08,4
ORD-00258,2024-04-25,Nikon Z6,Camera,4271.56,5
ORD-00259,2023-01-26,DJI Mini 4,Camera,622.65,1
ORD-00260,2023-01-19,DJI Mini 4,Accessories,552.17,4
ORD-00261,2023-08-05,iPad Air,Accessories,786.21,3
ORD-00262,2024-01-15,MacBook Pro,Accessories,1799.73,2
ORD-00263,2023-01-15,Canon R5,Camera,847.04,5
ORD-00264,2024-05-26,MacBook Pro,Camera,1242.12,1
ORD-00265,2023-07-07,Canon R5,Camera,4829.46,4
ORD-00266,2023-08-01,Canon R5,Camera,3719.71,4
ORD-00267,2024-03-25,Nikon Z6,Electronics,3074.15,5
ORD-00268,2024-12-20,Dell XPS 13,Camera,1575.26,2
ORD-00269,2024-12-27,Galaxy Tab,Accessories,2996.52,3
ORD-00270,2024-01-15,Sony WH-1000,Camera,5885.88,4
ORD-00271,2023-05-01,DJI Mini 4,Accessories,3711.98,3
ORD-00272,2024-11-26,Canon R5,Accessories,4303.62,3
ORD-00273,2024-11-28,Galaxy Tab,Camera,452.52,1
ORD-00274,2023-02-19,Dell XPS 13,Accessories,5441.01,5
ORD-00275,2023-12-01,Nikon Z6,Electronics,2551.55,4
ORD-00276,2024-09-23,iPad Air,Camera,523.85,1
ORD-00277,2023-01-20,iPhone 15,Electronics,136.16,1
ORD-00278,2024-01-15,iPhone 15,Camera,1043.15,1
ORD-00279,2023-11-20,DJI Mini 4,Electronics,1759.13,3
ORD-00280,2024-07-04,Dell XPS 13,Camera,1785.37,1
ORD-00281,2023-07-19,iPad Air,Electronics,139.34,1
ORD-00282,2024-09-16,MacBook Pro,Electronics,4476.18,5
ORD-00283,2024-05-25,iPhone 15,Electronics,323.21,1
ORD-00284,2024-11-22,DJI Mini 4,Electronics,5291.62,5
ORD-00285,2024-12-08,Dell XPS 13,Accessories,1897.79,5
ORD-00286,2023-05-10,MacBook Pro,Camera,4774.29,4
ORD-00287,2023-02-22,DJI Mini 4,Electronics,5171.97,4
ORD-00288,2023-03-23,DJI Mini 4,Camera,3302.05,5
ORD-00289,2024-02-13,Dell XPS 13,Camera,2612.06,4
ORD-00290,2023-06-24,iPad Air,Electronics,4151.06,4
ORD-00291,2023-10-23,DJI Mini 4,Accessories,1592.8,1
ORD-00292,2024-10-08,Samsung S24,Accessories,5659.23,3
ORD-00293,2024-07-12,DJI Mini 4,Accessories,2195.64,2
ORD-00294,2023-06-22,Sony WH-1000,Accessories,1913.38,5
ORD-00295,2023-10-06,iPad Air,Accessories,7450.87,4
ORD-00296,2023-01-09,Canon R5,Camera,1843.89,1
ORD-00297,2023-01-01,iPhone 15,Accessories,3535.76,2
ORD-00298,2023-01-23,Samsung S24,Camera,7839.23,4
ORD-00299,2024-02-23,MacBook Pro,Accessories,9653.7,5
ORD-00300,2024-04-08,Galaxy Tab,Camera,5800.08,3
ORD-00301,2024-06-30,Sony WH-1000,Camera,3447.04,2
ORD-00302,2024-09-16,Galaxy Tab,Electronics,665.56,3
ORD-00303,2024-06-03,Dell XPS 13,Camera,1557.96,1
ORD-00304,2023-01-20,DJI Mini 4,Electronics,1573.0,1
ORD-00305,2023-01-25,Samsung S24,Electronics,797.91,5
ORD-00306,2023-02-04,Canon R5,Electronics,4369.15,5
ORD-00307,2023-07-01,Nikon Z6,Electronics,3820.64,2
ORD-00308,2023-06-12,iPhone 15,Electronics,7576.09,5
ORD-00309,2024-12-02,Nikon Z6,Accessories,6074.67,5
ORD-00310,2023-12-15,iPad Air,Camera,1977.07,1
ORD-00311,2024-04-08,DJI Mini 4,Camera,3576.9,2
ORD-00312,2023-07-29,Samsung S24,Accessories,6810.65,5
ORD-00313,2024-11-13,MacBook Pro,Electronics,2012.86,3
ORD-00314,2023-04-19,Sony WH-1000,Electronics,3626.34,3
ORD-00315,2023-01-09,Samsung S24,Electronics,422.5,2
ORD-00316,2024-03-15,Galaxy Tab,Electronics,3285.2,5
ORD-00317,2024-11-26,Canon R5,Camera,1363.02,3
ORD-00318,2023-08-18,Samsung S24,Accessories,1107.07,2
ORD-00319,2024-09-23,Canon R5,Electronics,3378.13,2
ORD-00320,2024-08-06,Samsung S24,Accessories,1626.78,2
ORD-00321,2023-11-07,Samsung S24,Camera,930.22,1
ORD-00322,2023-05-10,Galaxy Tab,Accessories,4259.88,3
ORD-00323,2023-09-14,Canon R5,Electronics,5536.48,5
ORD-00324,2024-06-20,iPhone 15,Accessories,1879.25,2
ORD-00325,2023-06-03,Canon R5,Accessories,1502.92,5
ORD-00326,2024-04-27,iPad Air,Camera,4400.58,3
ORD-00327,2023-03-06,Galaxy Tab,Electronics,5473.11,5
ORD-00328,2024-05-20,MacBook Pro,Electronics,942.14,2
ORD-00329,2023-05-28,Dell XPS 13,Electronics,5124.02,5
ORD-00330,2024-09-24,iPhone 15,Electronics,490.53,3
ORD-00331,2023-11-01,iPhone 15,Camera,946.32,4
ORD-00332,2023-04-02,Dell XPS 13,Accessories,1627.49,5
ORD-00333,2024-09-25,Galaxy Tab,Accessories,6686.73,4
ORD-00334,2023-09-09,Nikon Z6,Electronics,1424.79,1
ORD-00335,2023-02-24,Samsung S24,Accessories,3764.67,4
ORD-00336,2024-03-07,iPad Air,Accessories,5636.67,3
ORD-00337,2023-05-17,Dell XPS 13,Camera,3555.53,2
ORD-00338,2023-08-26,Samsung S24,Accessories,2748.35,3
ORD-00339,2023-11-23,iPhone 15,Electronics,2434.83,3
ORD-00340,2023-02-19,Dell XPS 13,Camera,2310.38,2
ORD-00341,2023-09-21,MacBook Pro,Accessories,7430.17,5
ORD-00342,2023-07-08,iPad Air,Camera,464.17,2
ORD-00343,2023-02-25,MacBook Pro,Accessories,5214.64,4
ORD-00344,2023-12-13,iPad Air,Electronics,1925.06,1
ORD-00345,2023-01-30,iPhone 15,Accessories,7904.35,5
ORD-00346,2024-08-05,Galaxy Tab,Camera,1314.17,1
ORD-00347,2024-04-14,Sony WH-1000,Accessories,1450.43,1
ORD-00348,2023-02-02,Dell XPS 13,Accessories,600.85,2
ORD-00349,2023-02-13,Dell XPS 13,Accessories,1303.5,1
ORD-00350,2024-03-23,iPad Air,Electronics,3874.99,5
ORD-00351,2024-12-26,Canon R5,Accessories,3857.58,3
ORD-00352,2024-05-07,Sony WH-1000,Accessories,1035.14,3
ORD-00353,2023-09-20,Sony WH-1000,Accessories,5950.21,3
ORD-00354,2024-07-19,MacBook Pro,Accessories,317.31,3
ORD-00355,2023-10-20,Dell XPS 13,Accessories,2064.2,2
ORD-00356,2024-02-06,iPhone 15,Camera,4389.73,4
ORD-00357,2024-01-25,Nikon Z6,Camera,257.89,2
ORD-00358,2023-02-22,iPhone 15,Electronics,1067.63,1
ORD-00359,2023-04-14,Galaxy Tab,Camera,3552.51,3
ORD-00360,2024-04-27,Samsung S24,Camera,2942.24,4
ORD-00361,2023-04-22,Samsung S24,Camera,4018.47,3
ORD-00362,2023-04-04,iPad Air,Electronics,2265.6,2
ORD-00363,2023-02-01,iPad Air,Camera,1077.92,1
ORD-00364,2023-01-08,Galaxy Tab,Accessories,2291.74,2
ORD-00365,2023-03-21,Galaxy Tab,Accessories,555.17,1
ORD-00366,2023-06-12,iPhone 15,Accessories,5092.27,4
ORD-00367,2024-06-05,Galaxy Tab,Electronics,2893.59,2
ORD-00368,2024-09-18,Nikon Z6,Camera,4887.45,3
ORD-00369,2024-03-29,iPad Air,Electronics,5786.78,3
ORD-00370,2023-09-30,iPhone 15,Accessories,5246.66,3
ORD-00371,2024-05-27,iPhone 15,Electronics,1018.83,5
ORD-00372,2023-12-17,Samsung S24,Camera,6779.2,4
ORD-00373,2024-08-30,Sony WH-1000,Camera,1136.14,3
ORD-00374,2024-08-22,MacBook Pro,Camera,9524.27,5
ORD-00375,2024-12-02,Sony WH-1000,Electronics,7168.35,4
ORD-00376,2023-08-28,Canon R5,Camera,5211.48,3
ORD-00377,2023-12-03,Sony WH-1000,Accessories,6406.27,5
ORD-00378,2024-08-13,Canon R5,Electronics,1888.63,1
ORD-00379,2024-12-13,Sony WH-1000,Camera,7200.48,5
ORD-00380,2023-11-19,Sony WH-1000,Camera,2638.99,3
ORD-00381,2023-06-17,Dell XPS 13,Electronics,1350.82,3
ORD-00382,2023-04-12,Sony WH-1000,Camera,1229.63,1
ORD-00383,2024-10-25,MacBook Pro,Accessories,5694.33,4
ORD-00384,2024-02-15,Galaxy Tab,Electronics,8563.88,5
ORD-00385,2023-09-16,Galaxy Tab,Electronics,1857.59,1
ORD-00386,2023-10-16,Canon R5,Accessories,5624.79,3
ORD-00387,2024-09-13,Dell XPS 13,Camera,603.22,1
ORD-00388,2023-09-11,Galaxy Tab,Camera,5666.34,5
ORD-00389,2023-12-19,Nikon Z6,Electronics,728.71,2
ORD-00390,2023-07-04,Sony WH-1000,Camera,920.12,2
ORD-00391,2023-05-25,Canon R5,Electronics,4196.0,3
ORD-00392,2023-06-09,DJI Mini 4,Accessories,6995.14,5
ORD-00393,2023-02-09,Canon R5,Accessories,6262.31,5
ORD-00394,2024-04-21,Sony WH-1000,Camera,4665.6,3
ORD-00395,2023-11-16,Nikon Z6,Camera,1310.28,3
ORD-00396,2023-10-01,DJI Mini 4,Electronics,567.49,5
ORD-00397,2023-08-27,Sony WH-1000,Accessories,7310.04,4
ORD-00398,2024-07-17,Canon R5,Accessories,4460.13,4
ORD-00399,2024-07-22,Canon R5,Camera,3696.17,5
ORD-00400,2023-06-28,DJI Mini 4,Accessories,1309.54,1
ORD-00401,2023-01-24,Galaxy Tab,Camera,1426.35,1
ORD-00402,2023-04-29,iPhone 15,Accessories,9441.84,5
ORD-00403,2023-05-16,Nikon Z6,Electronics,1352.28,3
ORD-00404,2023-11-25,Dell XPS 13,Accessories,6688.87,5
ORD-00405,2023-08-29,Nikon Z6,Camera,5073.38,5
ORD-00406,2024-06-14,Samsung S24,Camera,3428.21,2
ORD-00407,2023-01-13,iPhone 15,Accessories,575.54,1
ORD-00408,2024-07-18,Dell XPS 13,Camera,7177.74,4
ORD-00409,2024-09-05,Dell XPS 13,Electronics,1627.14,2
ORD-00410,2024-01-26,Sony WH-1000,Accessories,3469.79,4
ORD-00411,2024-01-03,Samsung S24,Accessories,522.19,5
ORD-00412,2024-11-03,iPhone 15,Accessories,602.08,1
ORD-00413,2024-03-09,DJI Mini 4,Accessories,3329.33,2
ORD-00414,2023-08-15,Sony WH-1000,Accessories,5115.26,5
ORD-00415,2024-02-12,DJI Mini 4,Accessories,3750.05,4
ORD-00416,2023-11-22,Sony WH-1000,Accessories,908.32,1
ORD-00417,2023-09-23,Sony WH-1000,Electronics,7871.08,5
ORD-00418,2023-05-18,iPad Air,Electronics,2644.29,4
ORD-00419,2023-08-29,iPad Air,Electronics,2893.32,5
ORD-00420,2024-01-19,Sony WH-1000,Accessories,3186.08,2
ORD-00421,2023-02-02,Galaxy Tab,Accessories,1088.51,2
ORD-00422,2023-07-21,Sony WH-1000,Accessories,7736.96,5
ORD-00423,2024-07-12,MacBook Pro,Camera,4189.38,3
ORD-00424,2024-11-11,MacBook Pro,Accessories,1551.03,4
ORD-00425,2023-06-06,Samsung S24,Electronics,5492.5,3
ORD-00426,2024-09-04,Samsung S24,Electronics,3057.5,2
ORD-00427,2023-01-05,DJI Mini 4,Electronics,5084.59,4
ORD-00428,2024-09-01,Dell XPS 13,Electronics,2384.38,2
ORD-00429,2023-10-28,MacBook Pro,Camera,2449.07,3
ORD-00430,2024-08-21,Samsung S24,Camera,119.43,1
ORD-00431,2024-04-27,Canon R5,Accessories,592.64,1
ORD-00432,2023-05-13,MacBook Pro,Accessories,2758.45,2
ORD-00433,2023-02-26,DJI Mini 4,Electronics,1974.16,2
ORD-00434,2023-10-11,Sony WH-1000,Electronics,1719.04,1
ORD-00435,2024-03-17,Canon R5,Accessories,1979.21,1
ORD-00436,2023-01-23,Canon R5,Accessories,4720.12,5
ORD-00437,2024-01-08,iPhone 15,Electronics,1386.56,1
ORD-00438,2024-10-14,DJI Mini 4,Accessories,3715.2,2
ORD-00439,2023-10-31,Samsung S24,Electronics,3599.89,2
ORD-00440,2023-12-14,Samsung S24,Accessories,1137.44,1
ORD-00441,2023-01-26,iPad Air,Electronics,1947.71,1
ORD-00442,2024-02-14,Nikon Z6,Accessories,4859.43,4
ORD-00443,2024-07-17,Samsung S24,Accessories,6087.26,5
ORD-00444,2023-07-27,Canon R5,Accessories,3440.0,2
ORD-00445,2023-05-09,Galaxy Tab,Electronics,5953.51,3
ORD-00446,2023-06-11,Canon R5,Camera,1482.73,5
ORD-00447,2024-11-13,MacBook Pro,Accessories,2896.71,5
ORD-00448,2023-10-25,DJI Mini 4,Camera,369.09,1
ORD-00449,2023-01-13,DJI Mini 4,Electronics,2321.3,5
ORD-00450,2023-01-05,Samsung S24,Accessories,2932.49,5
ORD-00451,2023-04-09,iPad Air,Accessories,1825.42,1
ORD-00452,2024-03-02,Canon R5,Electronics,1444.18,4
ORD-00453,2024-01-14,Sony WH-1000,Camera,6387.36,4
ORD-00454,2023-01-04,Nikon Z6,Accessories,5498.3,5
ORD-00455,2023-06-26,DJI Mini 4,Accessories,4966.51,3
ORD-00456,2023-10-15,Sony WH-1000,Camera,179.12,1
ORD-00457,2023-02-10,DJI Mini 4,Accessories,1784.93,4
ORD-00458,2023-06-07,iPhone 15,Accessories,2853.07,4
ORD-00459,2023-06-11,Nikon Z6,Electronics,3305.88,2
ORD-00460,2023-06-27,Galaxy Tab,Camera,2510.44,4
ORD-00461,2024-01-31,Samsung S24,Camera,1485.71,1
ORD-00462,2023-03-10,Sony WH-1000,Accessories,3576.64,2
ORD-00463,2023-09-27,Galaxy Tab,Electronics,3767.92,2
ORD-00464,2024-07-20,Dell XPS 13,Electronics,3029.02,5
ORD-00465,2023-07-07,Samsung S24,Electronics,1566.2,3
ORD-00466,2023-03-12,iPad Air,Electronics,791.62,2
ORD-00467,2024-06-28,Nikon Z6,Electronics,1912.28,2
ORD-00468,2023-03-01,Dell XPS 13,Accessories,3534.08,5
ORD-00469,2024-10-19,Canon R5,Camera,579.87,3
ORD-00470,2023-11-22,Nikon Z6,Electronics,862.89,1
ORD-00471,2023-07-19,iPhone 15,Accessories,5902.99,3
ORD-00472,2024-12-25,Sony WH-1000,Camera,559.33,1
ORD-00473,2024-01-28,Sony WH-1000,Accessories,325.58,3
ORD-00474,2024-07-22,Nikon Z6,Accessories,6204.94,4
ORD-00475,2024-05-26,DJI Mini 4,Electronics,507.28,3
ORD-00476,2023-10-07,Samsung S24,Camera,1123.7,3
ORD-00477,2024-06-23,Dell XPS 13,Camera,5987.14,4
ORD-00478,2024-02-20,Canon R5,Accessories,1746.75,2
ORD-00479,2023-02-21,Sony WH-1000,Accessories,1409.66,1
ORD-00480,2024-09-11,MacBook Pro,Accessories,274.42,2
ORD-00481,2023-12-09,Nikon Z6,Camera,5836.87,3
ORD-00482,2024-02-25,Galaxy Tab,Camera,9025.32,5
ORD-00483,2023-09-30,MacBook Pro,Electronics,375.44,3
ORD-00484,2023-05-09,Galaxy Tab,Camera,196.23,1
ORD-00485,2023-07-24,Dell XPS 13,Camera,4944.25,3
ORD-00486,2023-08-23,iPhone 15,Accessories,3962.82,3
ORD-00487,2023-05-28,Sony WH-1000,Electronics,1252.05,1
ORD-00488,2023-12-16,Canon R5,Electronics,5308.53,3
ORD-00489,2023-07-14,Samsung S24,Camera,360.51,2
ORD-00490,2023-04-13,Galaxy Tab,Electronics,4152.93,3
ORD-00491,2024-09-06,iPad Air,Camera,2292.93,2
ORD-00492,2024-04-19,Samsung S24,Accessories,7758.12,4
ORD-00493,2023-10-15,MacBook Pro,Accessories,7382.51,5
ORD-00494,2023-10-15,Galaxy Tab,Electronics,6811.16,4
ORD-00495,2023-03-13,iPad Air,Electronics,3328.04,5
ORD-00496,2024-01-06,Galaxy Tab,Electronics,5207.18,3
ORD-00497,2023-10-05,Canon R5,Electronics,755.89,3
ORD-00498,2023-12-23,Sony WH-1000,Accessories,8664.89,5
ORD-00499,2024-02-07,MacBook Pro,Camera,355.36,1
ORD-00500,2024-08-20,DJI Mini 4,Accessories,322.19,1
ORD-00501,2024-12-04,iPhone 15,Camera,754.6,3
ORD-00502,2023-04-28,Sony WH-1000,Camera,1955.99,1
ORD-00503,2024-01-13,Nikon Z6,Electronics,422.1,1
ORD-00504,2023-12-21,iPhone 15,Accessories,705.38,1
ORD-00505,2024-10-04,MacBook Pro,Camera,1139.32,2
ORD-00506,2024-02-29,MacBook Pro,Accessories,495.16,1
ORD-00507,2023-10-10,Galaxy Tab,Electronics,5318.7,4
ORD-00508,2023-02-07,iPad Air,Camera,3584.87,4
ORD-00509,2023-08-06,iPhone 15,Electronics,1812.85,2
ORD-00510,2023-04-11,Sony WH-1000,Accessories,6978.86,4
ORD-00511,2023-04-21,Dell XPS 13,Electronics,4213.87,3
ORD-00512,2023-05-27,Samsung S24,Camera,3794.01,3
ORD-00513,2023-06-04,Canon R5,Camera,2124.42,5
ORD-00514,2024-09-17,MacBook Pro,Electronics,1166.92,4
ORD-00515,2024-03-19,Samsung S24,Accessories,621.76,3
ORD-00516,2024-03-01,Samsung S24,Camera,277.73,2
ORD-00517,2024-09-30,Samsung S24,Accessories,2209.7,4
ORD-00518,2023-11-25,Dell XPS 13,Accessories,1363.32,4
ORD-00519,2023-05-24,Sony WH-1000,Camera,1585.35,1
ORD-00520,2024-10-23,MacBook Pro,Electronics,2549.47,4
ORD-00521,2024-03-09,Sony WH-1000,Electronics,206.34,1
ORD-00522,2024-01-11,DJI Mini 4,Accessories,1529.21,2
ORD-00523,2024-09-23,Galaxy Tab,Electronics,2895.64,4
ORD-00524,2024-12-23,Samsung S24,Electronics,2549.15,4
ORD-00525,2024-07-31,MacBook Pro,Accessories,3090.72,5
ORD-00526,2023-04-23,Nikon Z6,Camera,418.17,1
ORD-00527,2023-01-31,DJI Mini 4,Camera,524.55,1
ORD-00528,2023-05-06,Nikon Z6,Camera,1213.86,1
ORD-00529,2023-05-15,Sony WH-1000,Accessories,5150.18,5
ORD-00530,2024-01-05,DJI Mini 4,Camera,918.42,3
ORD-00531,2024-10-09,MacBook Pro,Electronics,2621.03,2
ORD-00532,2023-01-15,DJI Mini 4,Accessories,862.21,1
ORD-00533,2023-10-09,Nikon Z6,Electronics,1421.35,1
ORD-00534,2023-06-17,MacBook Pro,Camera,1703.99,1
ORD-00535,2023-01-26,Nikon Z6,Accessories,2568.63,2
ORD-00536,2024-06-19,Dell XPS 13,Camera,4157.23,4
ORD-00537,2023-11-26,DJI Mini 4,Electronics,3887.99,4
ORD-00538,2023-05-22,MacBook Pro,Electronics,371.48,1
ORD-00539,2024-04-17,Nikon Z6,Accessories,1899.13,1
ORD-00540,2024-07-31,Samsung S24,Electronics,5526.86,4
ORD-00541,2024-07-12,Canon R5,Camera,2905.46,3
ORD-00542,2023-04-15,Galaxy Tab,Accessories,334.26,1
ORD-00543,2023-07-11,Nikon Z6,Accessories,6523.57,5
ORD-00544,2023-11-09,iPhone 15,Accessories,1200.14,4
ORD-00545,2023-01-15,iPhone 15,Electronics,3567.69,3
ORD-00546,2023-04-04,DJI Mini 4,Camera,1895.28,1
ORD-00547,2024-03-24,Nikon Z6,Electronics,5958.81,4
ORD-00548,2023-02-20,MacBook Pro,Camera,1144.87,1
ORD-00549,2024-07-11,Canon R5,Accessories,2521.42,4
ORD-00550,2023-11-20,Dell XPS 13,Accessories,4085.85,4
ORD-00551,2024-07-25,iPad Air,Accessories,1922.04,1
ORD-00552,2024-08-11,Nikon Z6,Electronics,2474.87,2
ORD-00553,2024-08-24,Nikon Z6,Electronics,2519.73,2
ORD-00554,2023-04-21,Samsung S24,Camera,669.35,4
ORD-00555,2024-09-12,iPad Air,Accessories,300.99,2
ORD-00556,2023-04-06,MacBook Pro,Camera,786.95,5
ORD-00557,2024-01-17,DJI Mini 4,Accessories,4732.41,5
ORD-00558,2024-04-25,DJI Mini 4,Accessories,6587.41,5
ORD-00559,2023-05-02,Samsung S24,Electronics,8667.31,5
ORD-00560,2024-01-10,Sony WH-1000,Accessories,2599.15,3
ORD-00561,2024-06-12,iPad Air,Camera,3828.19,2
ORD-00562,2024-07-22,Dell XPS 13,Camera,3124.29,2
ORD-00563,2024-12-28,iPad Air,Electronics,2531.18,2
ORD-00564,2024-12-08,MacBook Pro,Camera,6581.3,5
ORD-00565,2023-01-29,iPhone 15,Electronics,5044.14,4
ORD-00566,2023-02-11,DJI Mini 4,Accessories,8703.18,5
ORD-00567,2023-11-12,MacBook Pro,Camera,7125.89,4
ORD-00568,2024-05-02,iPad Air,Electronics,1619.75,1
ORD-00569,2023-12-19,Samsung S24,Camera,970.87,1
ORD-00570,2023-03-23,Sony WH-1000,Camera,1308.35,5
ORD-00571,2023-03-21,Galaxy Tab,Electronics,3702.88,2
ORD-00572,2023-10-18,Galaxy Tab,Camera,3356.98,4
ORD-00573,2024-03-30,DJI Mini 4,Accessories,816.08,1
ORD-00574,2023-08-29,iPhone 15,Accessories,4563.72,5
ORD-00575,2023-04-21,iPad Air,Camera,4753.21,4
ORD-00576,2023-11-19,Samsung S24,Camera,1874.29,3
ORD-00577,2024-02-06,Sony WH-1000,Camera,2400.23,5
ORD-00578,2024-12-11,MacBook Pro,Accessories,6672.25,5
ORD-00579,2024-08-28,Dell XPS 13,Camera,4829.27,5
ORD-00580,2024-12-29,iPad Air,Accessories,4848.32,3
ORD-00581,2023-02-18,iPad Air,Electronics,181.84,1
ORD-00582,2024-10-27,DJI Mini 4,Electronics,3293.36,5
ORD-00583,2023-03-10,Galaxy Tab,Electronics,2385.04,4
ORD-00584,2023-06-24,iPad Air,Accessories,7763.06,5
ORD-00585,2023-05-25,Nikon Z6,Camera,5950.0,3
ORD-00586,2023-12-04,Dell XPS 13,Accessories,5100.32,3
ORD-00587,2023-06-26,Dell XPS 13,Electronics,3882.96,3
ORD-00588,2023-04-06,Samsung S24,Accessories,4782.63,3
ORD-00589,2024-04-12,Dell XPS 13,Camera,1524.35,1
ORD-00590,2024-04-25,DJI Mini 4,Camera,8366.43,5
ORD-00591,2024-12-13,Nikon Z6,Accessories,1294.58,1
ORD-00592,2023-12-17,Sony WH-1000,Camera,919.22,1
ORD-00593,2024-03-09,iPhone 15,Electronics,943.18,1
ORD-00594,2023-10-27,Sony WH-1000,Accessories,347.39,2
ORD-00595,2024-04-01,Galaxy Tab,Accessories,2688.7,2
ORD-00596,2023-11-03,Nikon Z6,Electronics,3680.19,3
ORD-00597,2024-05-23,Sony WH-1000,Electronics,756.23,2
ORD-00598,2024-07-29,Dell XPS 13,Electronics,4252.21,5
ORD-00599,2024-12-27,MacBook Pro,Camera,644.3,1
ORD-00600,2024-01-19,Dell XPS 13,Electronics,1664.61,3
ORD-00601,2024-06-17,Galaxy Tab,Electronics,1046.95,1
ORD-00602,2023-01-16,Canon R5,Camera,1957.98,1
ORD-00603,2024-11-21,Sony WH-1000,Camera,5931.73,3
ORD-00604,2023-05-09,MacBook Pro,Camera,1821.02,1
ORD-00605,2023-08-13,DJI Mini 4,Electronics,2190.58,4
ORD-00606,2024-12-14,DJI Mini 4,Electronics,2462.79,3
ORD-00607,2023-08-26,Canon R5,Accessories,1218.02,3
ORD-00608,2024-09-15,Nikon Z6,Electronics,3141.04,3
ORD-00609,2024-04-23,Dell XPS 13,Camera,5013.75,3
ORD-00610,2023-06-01,Canon R5,Accessories,6987.79,5
ORD-00611,2023-10-18,DJI Mini 4,Accessories,987.25,2
ORD-00612,2024-05-27,Nikon Z6,Camera,3639.61,4
ORD-00613,2023-04-21,Nikon Z6,Camera,3038.88,4
ORD-00614,2023-10-05,Dell XPS 13,Accessories,7886.23,5
ORD-00615,2023-07-01,Nikon Z6,Electronics,1386.3,2
ORD-00616,2023-07-04,iPhone 15,Electronics,1823.71,4
ORD-00617,2024-10-13,MacBook Pro,Camera,9308.12,5
ORD-00618,2023-03-27,iPad Air,Camera,1402.23,3
ORD-00619,2024-01-22,Sony WH-1000,Electronics,1050.46,5
ORD-00620,2024-02-06,Dell XPS 13,Electronics,351.22,2
ORD-00621,2023-01-24,Canon R5,Electronics,3676.03,5
ORD-00622,2024-10-06,iPhone 15,Camera,4533.44,3
ORD-00623,2023-06-10,Sony WH-1000,Electronics,4973.04,4
ORD-00624,2023-05-20,Canon R5,Accessories,4652.25,3
ORD-00625,2023-07-31,Nikon Z6,Camera,4150.04,5
ORD-00626,2023-02-19,Samsung S24,Accessories,1841.17,1
ORD-00627,2023-05-11,Nikon Z6,Camera,3036.11,3
ORD-00628,2024-01-17,Galaxy Tab,Camera,6317.13,5
ORD-00629,2023-07-15,iPhone 15,Camera,3204.36,2
ORD-00630,2024-07-03,iPad Air,Camera,7460.97,4
ORD-00631,2023-12-24,Samsung S24,Electronics,1242.72,2
ORD-00632,2024-04-26,Samsung S24,Electronics,1265.47,1
ORD-00633,2024-11-14,Samsung S24,Camera,2585.07,2
ORD-00634,2024-12-18,Samsung S24,Electronics,7161.29,4
ORD-00635,2024-07-12,Galaxy Tab,Electronics,3194.97,4
ORD-00636,2023-12-23,Dell XPS 13,Accessories,1448.45,4
ORD-00637,2024-11-05,Dell XPS 13,Camera,1286.02,4
ORD-00638,2024-05-16,Dell XPS 13,Camera,1434.59,1
ORD-00639,2024-08-24,Dell XPS 13,Camera,2893.43,3
ORD-00640,2024-05-22,iPhone 15,Camera,4736.53,3
ORD-00641,2023-01-16,MacBook Pro,Electronics,3637.99,4
ORD-00642,2024-06-28,MacBook Pro,Accessories,3296.53,5
ORD-00643,2023-08-20,DJI Mini 4,Accessories,4538.6,3
ORD-00644,2023-09-28,Samsung S24,Accessories,7540.1,4
ORD-00645,2023-08-28,iPhone 15,Electronics,4482.46,3
ORD-00646,2023-03-21,Canon R5,Accessories,4864.46,5
ORD-00647,2023-07-17,MacBook Pro,Accessories,6349.17,4
ORD-00648,2024-12-03,Sony WH-1000,Accessories,8672.61,5
ORD-00649,2024-08-31,iPad Air,Camera,598.94,1
ORD-00650,2024-01-25,Nikon Z6,Accessories,2156.87,3
ORD-00651,2024-12-05,iPad Air,Electronics,2631.25,3
ORD-00652,2024-04-16,iPad Air,Electronics,1840.15,2
ORD-00653,2023-12-23,iPad Air,Camera,1254.64,2
ORD-00654,2024-08-24,Sony WH-1000,Camera,4776.81,3
ORD-00655,2023-06-14,iPad Air,Camera,750.53,3
ORD-00656,2023-05-08,Sony WH-1000,Accessories,9107.26,5
ORD-00657,2023-01-12,DJI Mini 4,Camera,1510.89,2
ORD-00658,2023-10-24,Canon R5,Electronics,3703.18,3
ORD-00659,2023-12-20,iPhone 15,Electronics,2703.18,5
ORD-00660,2024-03-03,Sony WH-1000,Camera,7528.65,4
ORD-00661,2023-08-06,Sony WH-1000,Electronics,1887.15,1
ORD-00662,2024-03-15,iPad Air,Accessories,1250.0,4
ORD-00663,2023-12-11,Nikon Z6,Accessories,5052.9,5
ORD-00664,2024-06-13,iPad Air,Electronics,6806.45,5
ORD-00665,2023-09-17,Galaxy Tab,Electronics,1397.71,2
ORD-00666,2023-10-11,Sony WH-1000,Accessories,2567.91,2
ORD-00667,2024-09-29,Samsung S24,Electronics,1688.32,1
ORD-00668,2023-10-09,Nikon Z6,Accessories,461.24,3
ORD-00669,2023-12-16,Nikon Z6,Accessories,5689.4,5
ORD-00670,2024-11-13,iPad Air,Electronics,2942.83,2
ORD-00671,2023-03-28,Canon R5,Camera,1519.46,1
ORD-00672,2023-05-20,Canon R5,Camera,1678.79,3
ORD-00673,2024-10-08,iPad Air,Accessories,3829.83,3
ORD-00674,2024-05-26,Nikon Z6,Accessories,1088.53,4
ORD-00675,2024-02-25,Nikon Z6,Accessories,5927.34,5
ORD-00676,2024-02-28,Canon R5,Camera,1557.04,2
ORD-00677,2024-12-04,iPad Air,Accessories,2438.8,3
ORD-00678,2024-02-29,iPad Air,Camera,855.75,1
ORD-00679,2024-04-30,Galaxy Tab,Accessories,4091.51,3
ORD-00680,2023-12-15,Samsung S24,Camera,3275.18,3
ORD-00681,2024-06-03,Nikon Z6,Electronics,3877.91,3
ORD-00682,2023-06-05,DJI Mini 4,Camera,1907.17,5
ORD-00683,2023-12-11,Galaxy Tab,Camera,5532.93,3
ORD-00684,2023-04-28,iPad Air,Accessories,4738.37,5
ORD-00685,2023-08-07,Dell XPS 13,Camera,1494.28,1
ORD-00686,2023-02-24,Sony WH-1000,Accessories,2984.22,4
ORD-00687,2023-05-07,Canon R5,Accessories,6262.9,5
ORD-00688,2024-06-14,Samsung S24,Electronics,4932.71,3
ORD-00689,2024-06-25,Nikon Z6,Accessories,1360.48,3
ORD-00690,2023-09-16,DJI Mini 4,Accessories,1975.99,1
ORD-00691,2023-12-12,DJI Mini 4,Accessories,3725.76,4
ORD-00692,2023-01-24,MacBook Pro,Camera,5963.46,4
ORD-00693,2023-12-24,Sony WH-1000,Electronics,1939.01,1
ORD-00694,2023-02-06,Samsung S24,Accessories,1088.53,2
ORD-00695,2023-01-31,iPad Air,Camera,338.85,2
ORD-00696,2024-10-08,iPhone 15,Accessories,3622.54,5
ORD-00697,2023-10-05,DJI Mini 4,Electronics,2737.23,3
ORD-00698,2023-06-24,iPhone 15,Camera,1760.65,1
ORD-00699,2024-01-22,Canon R5,Camera,5162.84,5
ORD-00700,2024-12-26,Canon R5,Electronics,3468.26,5
ORD-00701,2023-11-04,iPhone 15,Electronics,1382.05,1
ORD-00702,2024-10-14,Sony WH-1000,Camera,4061.36,5
ORD-00703,2024-06-26,DJI Mini 4,Camera,4962.57,5
ORD-00704,2024-07-08,iPad Air,Camera,1771.07,1
ORD-00705,2023-09-18,Canon R5,Camera,3807.03,3
ORD-00706,2023-08-26,Dell XPS 13,Camera,4995.15,3
ORD-00707,2023-10-19,Galaxy Tab,Electronics,4917.87,4
ORD-00708,2024-06-20,iPad Air,Camera,1333.41,3
ORD-00709,2024-02-24,Nikon Z6,Camera,2624.39,2
ORD-00710,2023-11-23,Samsung S24,Accessories,4319.52,4
ORD-00711,2023-04-29,iPad Air,Camera,1323.39,1
ORD-00712,2024-01-24,MacBook Pro,Electronics,2352.27,2
ORD-00713,2024-04-21,DJI Mini 4,Electronics,1696.67,4
ORD-00714,2024-08-02,Samsung S24,Accessories,485.19,2
ORD-00715,2023-07-26,iPhone 15,Accessories,110.72,1
ORD-00716,2024-04-12,iPad Air,Electronics,6331.87,4
ORD-00717,2024-09-07,DJI Mini 4,Accessories,2939.56,2
ORD-00718,2024-10-06,Samsung S24,Electronics,884.55,1
ORD-00719,2024-03-26,Dell XPS 13,Accessories,1699.69,1
ORD-00720,2023-02-22,Samsung S24,Accessories,1215.63,2
ORD-00721,2023-03-30,Dell XPS 13,Camera,1303.57,2
ORD-00722,2023-10-14,Samsung S24,Camera,6645.38,5
ORD-00723,2023-01-26,Nikon Z6,Accessories,2791.59,4
ORD-00724,2024-03-09,Dell XPS 13,Accessories,9065.02,5
ORD-00725,2024-12-31,iPhone 15,Accessories,2870.64,3
ORD-00726,2023-06-04,Sony WH-1000,Camera,597.98,2
ORD-00727,2023-12-02,Canon R5,Camera,185.01,1
ORD-00728,2024-01-14,DJI Mini 4,Accessories,1618.85,2
ORD-00729,2024-01-26,Samsung S24,Electronics,830.55,1
ORD-00730,2024-12-24,Galaxy Tab,Camera,5652.5,4
ORD-00731,2024-10-20,DJI Mini 4,Accessories,3837.54,5
ORD-00732,2023-01-04,Sony WH-1000,Accessories,2686.32,2
ORD-00733,2023-12-14,Nikon Z6,Accessories,3288.63,2
ORD-00734,2023-07-04,iPad Air,Electronics,516.48,2
ORD-00735,2023-06-18,iPad Air,Accessories,3237.35,3
ORD-00736,2024-07-16,DJI Mini 4,Camera,4999.04,4
ORD-00737,2023-09-19,MacBook Pro,Electronics,3387.84,3
ORD-00738,2024-01-27,iPhone 15,Camera,444.38,2
ORD-00739,2024-06-15,Galaxy Tab,Accessories,551.74,1
ORD-00740,2023-01-12,Dell XPS 13,Camera,7459.43,4
ORD-00741,2023-11-05,DJI Mini 4,Camera,1888.44,1
ORD-00742,2024-01-06,Samsung S24,Accessories,1654.88,3
ORD-00743,2024-03-07,Sony WH-1000,Electronics,1478.88,3
ORD-00744,2023-10-14,Galaxy Tab,Camera,5956.74,3
ORD-00745,2023-12-26,iPad Air,Camera,1981.45,1
ORD-00746,2023-04-16,Nikon Z6,Accessories,5425.58,5
ORD-00747,2024-07-16,Nikon Z6,Camera,5151.08,4
ORD-00748,2024-08-18,Nikon Z6,Accessories,853.74,1
ORD-00749,2023-09-26,Samsung S24,Camera,2163.95,3
ORD-00750,2023-08-10,iPad Air,Accessories,706.0,1
ORD-00751,2024-09-04,Nikon Z6,Accessories,305.64,1
ORD-00752,2023-03-03,iPad Air,Electronics,964.11,1
ORD-00753,2023-07-08,Samsung S24,Accessories,2589.2,3
ORD-00754,2023-08-03,MacBook Pro,Camera,9102.43,5
ORD-00755,2024-04-09,Canon R5,Accessories,2302.16,4
ORD-00756,2023-09-24,iPhone 15,Electronics,4413.96,4
ORD-00757,2023-11-29,Nikon Z6,Camera,3998.01,2
ORD-00758,2024-01-12,MacBook Pro,Camera,1978.77,1
ORD-00759,2023-05-17,Canon R5,Camera,4678.53,4
ORD-00760,2023-06-23,Samsung S24,Accessories,2747.93,5
ORD-00761,2024-04-18,DJI Mini 4,Electronics,3746.84,4
ORD-00762,2024-03-29,Dell XPS 13,Electronics,5492.14,4
ORD-00763,2024-06-29,Samsung S24,Accessories,721.36,2
ORD-00764,2024-01-05,Dell XPS 13,Camera,9362.02,5
ORD-00765,2024-04-29,MacBook Pro,Electronics,656.3,4
ORD-00766,2024-10-11,Sony WH-1000,Camera,6946.66,4
ORD-00767,2024-03-29,MacBook Pro,Electronics,1068.67,2
ORD-00768,2023-08-02,Sony WH-1000,Accessories,2451.57,4
ORD-00769,2024-03-01,MacBook Pro,Camera,1721.19,1
ORD-00770,2024-06-07,iPad Air,Camera,6769.11,5
ORD-00771,2024-08-25,iPad Air,Electronics,5289.66,4
ORD-00772,2024-04-19,Canon R5,Electronics,999.53,1
ORD-00773,2023-04-01,Galaxy Tab,Electronics,6683.27,4
ORD-00774,2024-05-16,Canon R5,Camera,1796.68,1
ORD-00775,2024-04-27,Sony WH-1000,Electronics,6756.66,5
ORD-00776,2024-11-15,Nikon Z6,Accessories,2365.8,5
ORD-00777,2023-01-21,Galaxy Tab,Electronics,2463.61,4
ORD-00778,2023-07-28,Samsung S24,Accessories,3072.25,4
ORD-00779,2023-04-08,Galaxy Tab,Accessories,1568.79,2
ORD-00780,2024-11-23,Nikon Z6,Accessories,8085.75,5
ORD-00781,2024-01-20,Galaxy Tab,Camera,3354.6,3
ORD-00782,2023-12-14,Nikon Z6,Accessories,2690.86,4
ORD-00783,2023-11-10,iPhone 15,Electronics,406.99,1
ORD-00784,2024-04-23,MacBook Pro,Camera,1927.63,1
ORD-00785,2023-03-25,Dell XPS 13,Camera,5796.57,3
ORD-00786,2024-08-13,Nikon Z6,Accessories,538.4,1
ORD-00787,2024-12-25,Sony WH-1000,Camera,769.8,1
ORD-00788,2023-09-26,Sony WH-1000,Accessories,3094.19,4
ORD-00789,2024-03-08,iPhone 15,Electronics,2362.68,4
ORD-00790,2023-05-25,Sony WH-1000,Electronics,7006.4,4
ORD-00791,2023-07-09,Dell XPS 13,Accessories,2015.66,2
ORD-00792,2023-09-14,DJI Mini 4,Camera,714.34,2
ORD-00793,2023-07-26,MacBook Pro,Camera,1619.96,4
ORD-00794,2023-07-20,Canon R5,Electronics,3728.19,4
ORD-00795,2024-12-21,Dell XPS 13,Accessories,7799.13,4
ORD-00796,2023-04-22,Samsung S24,Accessories,3716.33,2
ORD-00797,2023-11-19,Sony WH-1000,Camera,3283.66,2
ORD-00798,2023-12-12,Dell XPS 13,Accessories,2994.69,3
ORD-00799,2023-01-10,Canon R5,Camera,892.43,1
ORD-00800,2023-04-02,MacBook Pro,Electronics,3178.11,4
ORD-00801,2024-05-18,Canon R5,Accessories,577.78,4
ORD-00802,2023-09-13,iPad Air,Electronics,5114.71,5
ORD-00803,2024-01-27,Nikon Z6,Camera,1758.77,1
ORD-00804,2024-08-04,Nikon Z6,Camera,355.69,3
ORD-00805,2023-06-22,Nikon Z6,Camera,1016.52,2
ORD-00806,2023-11-03,DJI Mini 4,Accessories,6585.79,4
ORD-00807,2024-12-18,Galaxy Tab,Electronics,2787.28,4
ORD-00808,2023-11-17,iPad Air,Electronics,1620.03,3
ORD-00809,2023-05-04,iPad Air,Accessories,1544.79,1
ORD-00810,2023-09-01,Dell XPS 13,Electronics,3736.7,5
ORD-00811,2023-01-31,Canon R5,Electronics,1699.86,2
ORD-00812,2024-08-05,Dell XPS 13,Electronics,3882.47,5
ORD-00813,2024-08-09,Nikon Z6,Accessories,3092.98,3
ORD-00814,2023-03-10,iPhone 15,Electronics,3905.66,2
ORD-00815,2023-11-10,Dell XPS 13,Accessories,776.58,4
ORD-00816,2023-01-16,Canon R5,Accessories,1410.39,2
ORD-00817,2024-05-30,Canon R5,Electronics,3689.44,2
ORD-00818,2024-06-23,iPad Air,Electronics,483.2,1
ORD-00819,2024-12-28,Nikon Z6,Accessories,1897.51,4
ORD-00820,2024-09-06,Dell XPS 13,Accessories,5398.02,4
ORD-00821,2023-06-30,Galaxy Tab,Camera,4446.81,3
ORD-00822,2023-10-28,Dell XPS 13,Accessories,3132.86,2
ORD-00823,2023-02-28,Nikon Z6,Electronics,2179.26,5
ORD-00824,2023-03-21,iPad Air,Camera,4770.0,4
ORD-00825,2024-09-05,DJI Mini 4,Camera,4900.96,3
ORD-00826,2023-11-24,Samsung S24,Electronics,750.16,5
ORD-00827,2024-09-03,iPhone 15,Camera,492.29,1
ORD-00828,2023-01-28,MacBook Pro,Electronics,6683.07,4
ORD-00829,2024-10-18,Nikon Z6,Camera,1750.68,1
ORD-00830,2023-10-01,iPhone 15,Accessories,3986.37,2
ORD-00831,2023-05-14,Galaxy Tab,Camera,1162.81,1
ORD-00832,2023-05-09,Nikon Z6,Electronics,7695.92,4
ORD-00833,2023-01-03,Samsung S24,Electronics,1485.9,1
ORD-00834,2023-09-24,iPhone 15,Electronics,3375.93,3
ORD-00835,2023-02-19,DJI Mini 4,Accessories,6166.74,4
ORD-00836,2024-06-21,MacBook Pro,Accessories,3896.22,2
ORD-00837,2023-08-03,Samsung S24,Camera,750.51,3
ORD-00838,2024-02-29,iPhone 15,Accessories,5296.98,5
ORD-00839,2023-06-19,Nikon Z6,Camera,2746.43,2
ORD-00840,2023-02-25,Nikon Z6,Electronics,2994.31,2
ORD-00841,2024-05-22,Canon R5,Camera,1372.83,2
ORD-00842,2023-06-04,iPhone 15,Accessories,6268.74,4
ORD-00843,2024-11-30,iPhone 15,Camera,9880.28,5
ORD-00844,2024-07-04,Galaxy Tab,Electronics,4708.51,3
ORD-00845,2023-08-29,Nikon Z6,Electronics,5368.38,5
ORD-00846,2023-11-18,Canon R5,Camera,1887.3,3
ORD-00847,2023-10-14,DJI Mini 4,Electronics,1452.79,2
ORD-00848,2023-01-13,Nikon Z6,Accessories,1281.68,3
ORD-00849,2024-10-11,MacBook Pro,Electronics,6596.17,4
ORD-00850,2023-04-30,Canon R5,Electronics,1668.4,1
ORD-00851,2024-07-13,Nikon Z6,Camera,4992.42,5
ORD-00852,2023-03-12,Dell XPS 13,Electronics,8395.65,5
ORD-00853,2023-07-01,Samsung S24,Camera,3598.76,3
ORD-00854,2024-03-07,iPad Air,Accessories,2440.11,2
ORD-00855,2023-06-05,Dell XPS 13,Electronics,8187.01,5
ORD-00856,2023-11-12,iPad Air,Camera,5905.56,5
ORD-00857,2023-01-08,MacBook Pro,Electronics,2106.08,5
ORD-00858,2023-10-27,Canon R5,Electronics,833.76,3
ORD-00859,2024-07-03,Canon R5,Accessories,2804.34,3
ORD-00860,2023-05-11,Nikon Z6,Accessories,9074.08,5
ORD-00861,2023-01-17,Sony WH-1000,Accessories,5902.23,3
ORD-00862,2024-08-02,Dell XPS 13,Camera,809.87,1
ORD-00863,2023-04-05,iPhone 15,Accessories,1930.87,1
ORD-00864,2024-09-26,iPad Air,Electronics,9122.19,5
ORD-00865,2023-08-13,Canon R5,Electronics,5093.84,5
ORD-00866,2023-03-21,Galaxy Tab,Camera,537.24,2
ORD-00867,2023-02-10,DJI Mini 4,Camera,805.72,2
ORD-00868,2023-05-30,Samsung S24,Camera,667.96,2
ORD-00869,2023-02-19,Samsung S24,Camera,4649.58,3
ORD-00870,2024-02-15,Sony WH-1000,Accessories,3287.64,5
ORD-00871,2023-04-22,Canon R5,Camera,7563.32,4
ORD-00872,2023-03-11,DJI Mini 4,Accessories,2720.39,3
ORD-00873,2024-06-27,iPhone 15,Accessories,9231.66,5
ORD-00874,2023-11-16,Dell XPS 13,Electronics,265.8,2
ORD-00875,2023-04-16,MacBook Pro,Accessories,1586.08,2
ORD-00876,2023-03-25,MacBook Pro,Accessories,656.18,1
ORD-00877,2024-03-22,Canon R5,Accessories,6061.27,5
ORD-00878,2023-02-20,MacBook Pro,Accessories,701.83,1
ORD-00879,2023-03-31,Sony WH-1000,Electronics,2125.51,2
ORD-00880,2024-02-15,iPhone 15,Electronics,4206.52,5
ORD-00881,2024-09-15,Nikon Z6,Accessories,2731.19,3
ORD-00882,2023-03-08,Sony WH-1000,Accessories,2516.67,2
ORD-00883,2023-04-14,Dell XPS 13,Accessories,7447.57,4
ORD-00884,2023-07-27,Canon R5,Camera,1592.91,3
ORD-00885,2023-10-02,iPad Air,Electronics,4768.19,5
ORD-00886,2024-01-29,iPad Air,Electronics,6308.47,4
ORD-00887,2023-04-10,iPhone 15,Accessories,4339.19,3
ORD-00888,2024-02-06,Samsung S24,Camera,7394.36,4
ORD-00889,2023-11-15,Samsung S24,Accessories,6270.86,5
ORD-00890,2023-02-16,Dell XPS 13,Accessories,1057.42,4
ORD-00891,2023-04-28,Nikon Z6,Camera,713.46,1
ORD-00892,2024-03-07,Sony WH-1000,Camera,7814.95,4
ORD-00893,2023-02-19,MacBook Pro,Accessories,257.97,2
ORD-00894,2023-04-18,Canon R5,Accessories,3499.64,4
ORD-00895,2023-01-30,Galaxy Tab,Camera,2942.99,2
ORD-00896,2023-10-01,MacBook Pro,Electronics,4347.92,5
ORD-00897,2024-05-21,Canon R5,Electronics,4536.35,3
ORD-00898,2024-03-10,MacBook Pro,Electronics,1236.06,2
ORD-00899,2023-05-21,DJI Mini 4,Camera,1832.55,1
ORD-00900,2023-02-12,Nikon Z6,Electronics,2689.1,3
ORD-00901,2024-06-02,Samsung S24,Camera,4388.62,4
ORD-00902,2024-03-01,MacBook Pro,Accessories,4216.02,3
ORD-00903,2024-05-16,Canon R5,Camera,2909.71,5
ORD-00904,2023-11-27,MacBook Pro,Camera,5976.67,5
ORD-00905,2024-08-05,iPad Air,Camera,1011.84,1
ORD-00906,2024-10-10,iPad Air,Electronics,1977.33,2
ORD-00907,2023-02-27,Nikon Z6,Accessories,1904.56,4
ORD-00908,2023-04-26,iPad Air,Electronics,742.34,1
ORD-00909,2024-10-26,iPhone 15,Electronics,3834.51,2
ORD-00910,2023-05-02,iPhone 15,Camera,544.6,4
ORD-00911,2023-06-14,Samsung S24,Accessories,1117.4,2
ORD-00912,2023-08-07,iPhone 15,Camera,2064.56,2
ORD-00913,2023-06-29,Samsung S24,Electronics,163.41,1
ORD-00914,2024-08-11,Dell XPS 13,Camera,5137.38,4
ORD-00915,2023-05-01,DJI Mini 4,Electronics,2688.64,2
ORD-00916,2024-02-20,iPad Air,Accessories,4507.34,5
ORD-00917,2023-04-08,Canon R5,Electronics,5281.41,5
ORD-00918,2024-02-09,MacBook Pro,Electronics,3931.38,5
ORD-00919,2024-04-25,Sony WH-1000,Accessories,1905.12,1
ORD-00920,2023-10-17,MacBook Pro,Camera,4358.1,4
ORD-00921,2023-03-16,Canon R5,Electronics,8431.92,5
ORD-00922,2024-10-12,Canon R5,Camera,3059.91,4
ORD-00923,2023-12-07,Samsung S24,Accessories,2955.98,2
ORD-00924,2023-11-09,Dell XPS 13,Electronics,5682.78,3
ORD-00925,2023-12-24,Dell XPS 13,Camera,4043.42,5
ORD-00926,2024-02-06,iPad Air,Accessories,2388.76,4
ORD-00927,2023-01-16,iPhone 15,Camera,1715.12,4
ORD-00928,2023-06-19,iPad Air,Accessories,148.25,1
ORD-00929,2023-01-01,iPhone 15,Accessories,1025.33,2
ORD-00930,2024-09-06,Sony WH-1000,Camera,2124.29,2
ORD-00931,2024-05-21,DJI Mini 4,Camera,776.12,1
ORD-00932,2023-01-30,iPhone 15,Accessories,6800.33,4
ORD-00933,2024-06-05,Galaxy Tab,Accessories,3397.71,2
ORD-00934,2023-07-08,Canon R5,Accessories,811.3,4
ORD-00935,2023-05-09,iPad Air,Electronics,5448.93,5
ORD-00936,2023-08-11,iPad Air,Electronics,1865.16,1
ORD-00937,2024-03-18,Dell XPS 13,Camera,1609.27,5
ORD-00938,2023-08-25,Canon R5,Camera,1061.1,1
ORD-00939,2023-04-21,Nikon Z6,Electronics,9782.54,5
ORD-00940,2024-07-11,Sony WH-1000,Accessories,1571.05,2
ORD-00941,2024-08-18,Samsung S24,Accessories,3752.46,5
ORD-00942,2023-03-31,Canon R5,Electronics,1400.72,1
ORD-00943,2024-10-25,Sony WH-1000,Accessories,5384.25,4
ORD-00944,2023-04-03,Dell XPS 13,Electronics,740.37,2
ORD-00945,2023-04-21,DJI Mini 4,Electronics,6145.3,5
ORD-00946,2024-08-29,Nikon Z6,Accessories,1945.95,3
ORD-00947,2024-07-27,Samsung S24,Camera,5135.5,4
ORD-00948,2023-06-18,Samsung S24,Camera,1316.07,1
ORD-00949,2024-11-01,iPhone 15,Electronics,1505.36,2
ORD-00950,2024-02-26,iPad Air,Electronics,1085.75,4
ORD-00951,2024-12-04,Sony WH-1000,Camera,1378.33,2
ORD-00952,2023-04-08,Dell XPS 13,Electronics,217.48,1
ORD-00953,2023-12-06,Sony WH-1000,Camera,3132.77,3
ORD-00954,2023-03-12,Sony WH-1000,Electronics,953.87,1
ORD-00955,2023-12-24,iPhone 15,Camera,3507.96,2
ORD-00956,2023-10-22,Galaxy Tab,Electronics,832.81,2
ORD-00957,2023-12-22,iPad Air,Accessories,1472.04,2
ORD-00958,2023-07-24,iPad Air,Accessories,1768.58,2
ORD-00959,2023-03-19,Samsung S24,Camera,317.55,1
ORD-00960,2023-04-07,Samsung S24,Electronics,2201.24,5
ORD-00961,2024-06-10,DJI Mini 4,Electronics,4351.62,5
ORD-00962,2023-08-02,Nikon Z6,Electronics,3979.09,2
ORD-00963,2023-03-25,iPad Air,Electronics,4565.1,4
ORD-00964,2024-10-13,Samsung S24,Electronics,7141.05,4
ORD-00965,2023-11-30,Galaxy Tab,Electronics,1294.87,1
ORD-00966,2024-08-23,Galaxy Tab,Accessories,3751.25,4
ORD-00967,2024-03-10,Galaxy Tab,Electronics,1734.87,1
ORD-00968,2023-09-16,MacBook Pro,Accessories,4221.31,5
ORD-00969,2023-07-13,MacBook Pro,Camera,739.62,3
ORD-00970,2024-06-18,Galaxy Tab,Camera,3974.25,4
ORD-00971,2023-09-03,iPad Air,Accessories,736.63,2
ORD-00972,2024-04-22,Galaxy Tab,Accessories,6882.61,4
ORD-00973,2024-06-27,MacBook Pro,Electronics,1017.01,3
ORD-00974,2024-01-27,Dell XPS 13,Electronics,1106.56,2
ORD-00975,2023-01-24,MacBook Pro,Camera,5473.99,4
ORD-00976,2023-04-17,Sony WH-1000,Camera,8454.57,5
ORD-00977,2023-01-10,MacBook Pro,Electronics,9972.14,5
ORD-00978,2024-08-10,iPhone 15,Electronics,1630.23,1
ORD-00979,2023-05-03,Canon R5,Camera,3159.46,2
ORD-00980,2023-04-12,Dell XPS 13,Electronics,7193.91,5
ORD-00981,2024-01-10,Dell XPS 13,Electronics,3786.5,4
ORD-00982,2024-09-10,MacBook Pro,Camera,3852.55,2
ORD-00983,2024-06-11,Dell XPS 13,Electronics,3323.64,2
ORD-00984,2024-12-05,Galaxy Tab,Accessories,860.38,2
ORD-00985,2024-10-23,Canon R5,Electronics,1110.12,1
ORD-00986,2023-06-12,Samsung S24,Electronics,3536.92,2
ORD-00987,2024-09-17,iPhone 15,Electronics,776.49,3
ORD-00988,2023-02-16,Nikon Z6,Camera,259.45,1
ORD-00989,2023-06-02,Samsung S24,Electronics,4635.46,4
ORD-00990,2023-04-25,Nikon Z6,Accessories,4246.45,5
ORD-00991,2024-05-03,iPad Air,Camera,1425.56,2
ORD-00992,2023-11-21,Dell XPS 13,Electronics,5550.45,3
ORD-00993,2023-11-16,Galaxy Tab,Camera,2175.98,3
ORD-00994,2023-09-13,DJI Mini 4,Electronics,2087.68,4
ORD-00995,2024-08-15,Nikon Z6,Accessories,1044.87,4
ORD-00996,2024-01-19,Canon R5,Accessories,8374.52,5
ORD-00997,2023-07-25,MacBook Pro,Accessories,2824.56,5
ORD-00998,2024-12-13,DJI Mini 4,Camera,1743.5,1
ORD-00999,2023-05-06,MacBook Pro,Electronics,1384.11,5
ORD-01000,2023-12-29,Samsung S24,Accessories,9108.0,5
ORD-01001,2023-10-08,Canon R5,Camera,621.74,3
ORD-01002,2023-01-12,DJI Mini 4,Electronics,611.46,1
ORD-01003,2023-10-20,Sony WH-1000,Electronics,5869.36,3
ORD-01004,2024-10-24,MacBook Pro,Camera,1417.16,5
ORD-01005,2023-11-28,Galaxy Tab,Camera,762.69,3
ORD-01006,2023-02-02,iPhone 15,Camera,134.87,1
ORD-01007,2024-02-15,Nikon Z6,Electronics,1027.18,4
ORD-01008,2023-10-28,Nikon Z6,Camera,2977.33,3
ORD-01009,2023-05-18,Sony WH-1000,Camera,1018.72,1
ORD-01010,2023-04-08,MacBook Pro,Camera,2881.11,3
ORD-01011,2023-11-04,iPad Air,Camera,6009.35,4
ORD-01012,2024-05-24,iPad Air,Electronics,5926.77,4
ORD-01013,2023-02-06,iPhone 15,Accessories,3855.29,3
ORD-01014,2024-10-28,Canon R5,Accessories,117.56,1
ORD-01015,2023-11-09,Dell XPS 13,Accessories,8962.54,5
ORD-01016,2024-12-31,iPad Air,Electronics,4168.44,3
ORD-01017,2024-04-24,Canon R5,Accessories,7166.33,4
ORD-01018,2024-12-15,MacBook Pro,Electronics,6410.87,4
ORD-01019,2023-03-19,MacBook Pro,Camera,5030.6,5
ORD-01020,2024-05-26,Dell XPS 13,Accessories,7052.69,4
ORD-01021,2024-12-11,Canon R5,Accessories,650.72,5
ORD-01022,2024-04-12,Sony WH-1000,Camera,2674.58,3
ORD-01023,2023-12-05,MacBook Pro,Accessories,4004.07,5
ORD-01024,2023-12-04,Galaxy Tab,Electronics,283.56,2
ORD-01025,2023-11-17,MacBook Pro,Accessories,220.85,2
ORD-01026,2023-05-04,Samsung S24,Camera,784.78,1
ORD-01027,2023-04-02,iPhone 15,Camera,7050.65,5
ORD-01028,2024-09-30,MacBook Pro,Accessories,2180.94,2
ORD-01029,2024-02-25,Samsung S24,Camera,4588.47,4
ORD-01030,2023-11-13,Samsung S24,Electronics,5665.94,3
ORD-01031,2024-09-24,Galaxy Tab,Camera,5521.91,4
ORD-01032,2024-01-17,Samsung S24,Camera,1422.62,3
ORD-01033,2023-07-12,Dell XPS 13,Electronics,681.04,3
ORD-01034,2023-06-10,Samsung S24,Accessories,7651.15,4
ORD-01035,2023-04-11,Galaxy Tab,Accessories,3584.18,4
ORD-01036,2024-09-26,Galaxy Tab,Camera,3470.85,3
ORD-01037,2023-10-03,Galaxy Tab,Camera,6017.16,4
ORD-01038,2024-03-17,Canon R5,Accessories,1197.06,5
ORD-01039,2023-03-19,Galaxy Tab,Camera,2140.52,3
ORD-01040,2023-11-08,Canon R5,Accessories,4126.26,5
ORD-01041,2024-03-15,Nikon Z6,Accessories,1540.79,1
ORD-01042,2023-10-26,MacBook Pro,Camera,2603.3,4
ORD-01043,2024-04-15,DJI Mini 4,Electronics,7731.39,5
ORD-01044,2023-02-10,Dell XPS 13,Electronics,1227.36,1
ORD-01045,2024-10-17,Canon R5,Camera,2291.46,2
ORD-01046,2024-01-14,Samsung S24,Camera,2765.07,2
ORD-01047,2023-06-23,DJI Mini 4,Camera,1601.79,1
ORD-01048,2024-05-22,MacBook Pro,Accessories,1426.94,2
ORD-01049,2023-09-05,Galaxy Tab,Electronics,2995.16,2
ORD-01050,2023-05-12,DJI Mini 4,Electronics,5299.16,4
ORD-01051,2023-01-19,Samsung S24,Camera,1158.45,3
ORD-01052,2024-10-22,Canon R5,Camera,1936.24,2
ORD-01053,2024-09-27,Dell XPS 13,Accessories,2651.77,3
ORD-01054,2023-11-10,Sony WH-1000,Camera,7864.9,5
ORD-01055,2023-01-23,Samsung S24,Camera,1901.65,2
ORD-01056,2023-07-16,Galaxy Tab,Electronics,906.47,2
ORD-01057,2023-04-10,iPhone 15,Camera,7946.9,5
ORD-01058,2024-06-05,Samsung S24,Camera,1017.95,4
ORD-01059,2024-05-14,Sony WH-1000,Accessories,1320.86,3
ORD-01060,2024-10-16,Dell XPS 13,Electronics,3059.35,2
ORD-01061,2023-09-02,Samsung S24,Camera,353.42,3
ORD-01062,2023-09-13,iPad Air,Accessories,1136.77,1
ORD-01063,2023-11-25,Galaxy Tab,Electronics,1998.72,1
ORD-01064,2024-01-16,DJI Mini 4,Electronics,5693.07,4
ORD-01065,2023-08-21,Canon R5,Camera,2447.78,3
ORD-01066,2023-01-13,MacBook Pro,Camera,7764.33,4
ORD-01067,2023-07-06,DJI Mini 4,Electronics,4704.93,3
ORD-01068,2023-09-06,Canon R5,Electronics,1553.26,1
ORD-01069,2024-01-18,Samsung S24,Accessories,513.1,2
ORD-01070,2024-08-16,MacBook Pro,Electronics,8422.64,5
ORD-01071,2023-06-30,iPad Air,Accessories,2788.17,2
ORD-01072,2023-06-03,MacBook Pro,Camera,1418.78,2
ORD-01073,2024-06-23,Sony WH-1000,Camera,690.55,3
ORD-01074,2023-05-23,Samsung S24,Accessories,1757.11,3
ORD-01075,2024-04-23,Nikon Z6,Camera,9487.24,5
ORD-01076,2024-06-07,Dell XPS 13,Camera,415.82,1
ORD-01077,2024-06-15,Galaxy Tab,Accessories,1272.36,3
ORD-01078,2023-10-09,Dell XPS 13,Camera,1282.5,1
ORD-01079,2023-10-04,iPhone 15,Electronics,928.35,3
ORD-01080,2023-02-10,Canon R5,Accessories,7081.92,5
ORD-01081,2024-07-28,Galaxy Tab,Camera,4075.54,5
ORD-01082,2023-12-28,Nikon Z6,Camera,3408.66,4
ORD-01083,2023-05-07,Samsung S24,Accessories,4996.45,3
ORD-01084,2023-02-27,Nikon Z6,Electronics,2275.83,2
ORD-01085,2024-02-02,Nikon Z6,Accessories,831.81,1
ORD-01086,2023-09-14,Canon R5,Electronics,269.12,1
ORD-01087,2023-11-24,MacBook Pro,Camera,3243.1,2
ORD-01088,2023-01-13,iPad Air,Accessories,2775.57,2
ORD-01089,2024-11-02,Dell XPS 13,Camera,615.82,1
ORD-01090,2024-12-07,iPhone 15,Camera,880.49,5
ORD-01091,2023-10-15,MacBook Pro,Electronics,3568.09,5
ORD-01092,2023-04-21,iPad Air,Camera,347.63,1
ORD-01093,2023-05-19,Dell XPS 13,Camera,3153.05,2
ORD-01094,2023-02-07,iPhone 15,Electronics,1101.58,4
ORD-01095,2023-08-11,MacBook Pro,Electronics,1902.42,2
ORD-01096,2023-10-25,Galaxy Tab,Camera,755.96,1
ORD-01097,2024-08-03,Samsung S24,Camera,1703.69,5
ORD-01098,2023-02-04,Nikon Z6,Electronics,3840.16,2
ORD-01099,2023-08-05,Galaxy Tab,Accessories,3225.04,2
ORD-01100,2024-12-07,Galaxy Tab,Accessories,6476.47,4
ORD-01101,2023-05-28,DJI Mini 4,Accessories,1623.0,4
ORD-01102,2024-10-27,Nikon Z6,Camera,3557.35,3
ORD-01103,2023-05-21,Canon R5,Electronics,1705.71,1
ORD-01104,2024-06-04,iPhone 15,Camera,861.51,1
ORD-01105,2024-09-09,iPad Air,Accessories,1697.46,1
ORD-01106,2023-12-18,Galaxy Tab,Camera,1021.99,2
ORD-01107,2024-12-29,Dell XPS 13,Camera,1884.75,1
ORD-01108,2024-07-07,Nikon Z6,Accessories,467.58,2
ORD-01109,2023-03-23,MacBook Pro,Electronics,3273.33,5
ORD-01110,2023-11-26,iPad Air,Accessories,2064.03,3
ORD-01111,2023-11-10,Sony WH-1000,Electronics,1180.13,5
ORD-01112,2023-08-10,Dell XPS 13,Electronics,5867.48,4
ORD-01113,2024-09-20,Canon R5,Electronics,3738.28,5
ORD-01114,2023-01-28,Nikon Z6,Electronics,9298.53,5
ORD-01115,2023-08-29,Dell XPS 13,Accessories,1532.03,1
ORD-01116,2023-07-31,iPad Air,Camera,5644.56,3
ORD-01117,2023-08-21,Canon R5,Accessories,1371.41,1
ORD-01118,2023-08-26,Samsung S24,Camera,5835.91,5
ORD-01119,2023-04-22,Dell XPS 13,Camera,5213.81,4
ORD-01120,2023-12-12,iPad Air,Camera,1394.12,3
ORD-01121,2024-06-10,iPad Air,Electronics,2355.42,2
ORD-01122,2023-03-25,Galaxy Tab,Camera,998.31,2
ORD-01123,2024-04-24,DJI Mini 4,Camera,4569.56,3
ORD-01124,2023-06-04,MacBook Pro,Accessories,875.56,1
ORD-01125,2023-06-22,Nikon Z6,Camera,4817.08,3
ORD-01126,2023-09-05,DJI Mini 4,Camera,789.62,1
ORD-01127,2023-08-10,DJI Mini 4,Accessories,1078.04,1
ORD-01128,2023-12-31,Canon R5,Accessories,5136.38,4
ORD-01129,2023-02-27,MacBook Pro,Accessories,7937.53,4
ORD-01130,2023-03-30,Dell XPS 13,Accessories,3397.62,4
ORD-01131,2023-02-18,iPad Air,Camera,8342.85,5
ORD-01132,2024-10-05,iPad Air,Camera,1633.9,2
ORD-01133,2023-05-24,DJI Mini 4,Camera,363.44,3
ORD-01134,2024-10-20,iPhone 15,Electronics,4685.12,5
ORD-01135,2023-12-14,iPhone 15,Electronics,1492.08,3
ORD-01136,2024-11-10,MacBook Pro,Camera,1596.47,3
ORD-01137,2024-04-01,Canon R5,Electronics,3725.32,5
ORD-01138,2023-04-11,MacBook Pro,Electronics,3031.42,2
ORD-01139,2024-05-20,iPad Air,Accessories,2088.95,5
ORD-01140,2024-08-22,iPad Air,Accessories,378.37,1
ORD-01141,2024-07-03,Nikon Z6,Accessories,2786.37,4
ORD-01142,2023-06-21,DJI Mini 4,Electronics,5710.92,4
ORD-01143,2024-05-18,Sony WH-1000,Camera,4439.7,5
ORD-01144,2023-01-16,Sony WH-1000,Electronics,1574.22,1
ORD-01145,2024-07-24,MacBook Pro,Accessories,1531.35,1
ORD-01146,2024-12-01,Galaxy Tab,Camera,970.72,2
ORD-01147,2024-10-09,DJI Mini 4,Electronics,5591.14,5
ORD-01148,2023-10-28,Nikon Z6,Accessories,725.74,4
ORD-01149,2023-12-19,iPhone 15,Accessories,1433.92,4
ORD-01150,2023-01-16,Galaxy Tab,Accessories,5625.23,5
ORD-01151,2023-10-22,Sony WH-1000,Electronics,4228.91,4
ORD-01152,2023-10-23,Sony WH-1000,Accessories,4058.24,4
ORD-01153,2023-10-03,Canon R5,Accessories,2749.91,3
ORD-01154,2023-10-21,Sony WH-1000,Electronics,1444.24,3
ORD-01155,2023-03-16,Canon R5,Camera,852.05,4
ORD-01156,2023-05-20,Nikon Z6,Accessories,5935.79,3
ORD-01157,2023-09-29,Nikon Z6,Electronics,2030.96,4
ORD-01158,2023-09-10,Samsung S24,Accessories,5250.7,5
ORD-01159,2023-12-08,DJI Mini 4,Camera,2205.91,2
ORD-01160,2024-10-23,iPhone 15,Electronics,3349.14,2
ORD-01161,2023-12-09,iPad Air,Electronics,3856.28,2
ORD-01162,2024-03-01,Samsung S24,Camera,714.14,1
ORD-01163,2023-07-17,Sony WH-1000,Camera,1373.19,4
ORD-01164,2023-10-03,Nikon Z6,Camera,7054.21,4
ORD-01165,2023-12-10,iPad Air,Camera,2717.9,4
ORD-01166,2024-11-22,iPhone 15,Camera,2297.37,2
ORD-01167,2023-05-23,DJI Mini 4,Electronics,1668.59,1
ORD-01168,2023-11-29,MacBook Pro,Electronics,545.78,3
ORD-01169,2024-02-17,Sony WH-1000,Accessories,3170.71,2
ORD-01170,2024-01-22,DJI Mini 4,Accessories,7720.64,4
ORD-01171,2023-04-11,DJI Mini 4,Electronics,2481.68,3
ORD-01172,2023-06-24,Sony WH-1000,Camera,3379.91,2
ORD-01173,2023-12-04,Sony WH-1000,Electronics,9490.35,5
ORD-01174,2024-05-06,Sony WH-1000,Accessories,828.01,1
ORD-01175,2024-10-17,Canon R5,Camera,4684.14,4
ORD-01176,2023-03-19,Nikon Z6,Accessories,336.95,3
ORD-01177,2024-01-08,Galaxy Tab,Accessories,3957.88,4
ORD-01178,2024-09-17,iPad Air,Accessories,2862.79,2
ORD-01179,2024-08-16,Sony WH-1000,Accessories,1296.16,2
ORD-01180,2024-06-03,Nikon Z6,Camera,2110.6,2
ORD-01181,2023-09-25,Nikon Z6,Electronics,5321.38,5
ORD-01182,2023-11-18,DJI Mini 4,Camera,993.09,3
ORD-01183,2023-09-14,Sony WH-1000,Electronics,1282.75,4
ORD-01184,2023-07-09,Dell XPS 13,Camera,9132.32,5
ORD-01185,2024-03-30,Galaxy Tab,Electronics,1357.12,1
ORD-01186,2024-02-08,iPad Air,Camera,3240.19,2
ORD-01187,2023-11-25,iPhone 15,Camera,4986.83,5
ORD-01188,2023-04-22,Samsung S24,Camera,8491.69,5
ORD-01189,2024-05-28,Dell XPS 13,Accessories,1658.07,2
ORD-01190,2024-10-22,Samsung S24,Camera,2033.86,2
ORD-01191,2023-03-27,iPad Air,Accessories,7951.04,5
ORD-01192,2023-11-27,Dell XPS 13,Accessories,6055.81,5
ORD-01193,2023-07-15,Dell XPS 13,Camera,2826.23,5
ORD-01194,2023-02-16,Canon R5,Electronics,3686.31,3
ORD-01195,2023-01-10,Canon R5,Camera,564.58,5
ORD-01196,2024-09-18,Sony WH-1000,Accessories,1410.86,5
ORD-01197,2024-08-27,Canon R5,Electronics,9629.73,5
ORD-01198,2023-02-04,Dell XPS 13,Camera,7632.29,4
ORD-01199,2024-10-09,Nikon Z6,Accessories,3237.85,5
ORD-01200,2024-05-14,MacBook Pro,Electronics,2619.1,3
ORD-01201,2024-06-06,DJI Mini 4,Accessories,4909.43,4
ORD-01202,2023-12-18,Galaxy Tab,Electronics,4375.69,4
ORD-01203,2023-05-02,iPhone 15,Accessories,8047.25,5
ORD-01204,2023-07-17,iPhone 15,Electronics,1449.26,2
ORD-01205,2023-01-08,Dell XPS 13,Camera,3982.8,3
ORD-01206,2023-06-29,Samsung S24,Electronics,483.01,2
ORD-01207,2023-07-21,iPad Air,Accessories,5289.26,3
ORD-01208,2023-02-11,Canon R5,Camera,123.21,1
ORD-01209,2024-10-28,iPhone 15,Accessories,1332.55,2
ORD-01210,2023-12-07,Galaxy Tab,Camera,6773.82,4
ORD-01211,2023-07-22,Galaxy Tab,Accessories,3361.12,3
ORD-01212,2023-03-22,iPad Air,Electronics,3427.0,3
ORD-01213,2023-02-04,Galaxy Tab,Camera,2520.44,2
ORD-01214,2023-11-11,iPad Air,Accessories,243.93,1
ORD-01215,2023-01-02,Galaxy Tab,Camera,445.16,3
ORD-01216,2023-05-01,Nikon Z6,Electronics,5125.8,5
ORD-01217,2024-07-16,Sony WH-1000,Electronics,6838.11,5
ORD-01218,2023-01-08,Samsung S24,Electronics,2057.71,3
ORD-01219,2023-08-12,DJI Mini 4,Camera,314.17,1
ORD-01220,2024-01-07,Samsung S24,Accessories,1274.55,1
ORD-01221,2023-06-10,DJI Mini 4,Accessories,7358.67,4
ORD-01222,2023-02-21,MacBook Pro,Accessories,3378.65,2
ORD-01223,2024-11-24,iPhone 15,Camera,2901.4,2
ORD-01224,2024-12-06,DJI Mini 4,Camera,2422.42,4
ORD-01225,2023-06-21,Galaxy Tab,Camera,3087.86,4
ORD-01226,2023-12-29,MacBook Pro,Camera,1966.09,1
ORD-01227,2023-08-01,Galaxy Tab,Accessories,722.12,3
ORD-01228,2023-02-05,Samsung S24,Camera,4264.88,3
ORD-01229,2023-01-01,MacBook Pro,Electronics,1498.92,1
ORD-01230,2023-07-12,iPhone 15,Camera,5452.89,4
ORD-01231,2023-05-15,Nikon Z6,Accessories,1613.97,1
ORD-01232,2023-10-11,Dell XPS 13,Camera,536.6,1
ORD-01233,2024-11-24,Dell XPS 13,Accessories,4202.73,5
ORD-01234,2023-02-24,Nikon Z6,Accessories,4826.8,4
ORD-01235,2023-01-06,iPhone 15,Electronics,704.55,3
ORD-01236,2023-11-06,iPad Air,Accessories,1150.09,2
ORD-01237,2024-11-13,Nikon Z6,Camera,3816.98,2
ORD-01238,2024-01-15,DJI Mini 4,Electronics,1430.83,1
ORD-01239,2023-09-28,Sony WH-1000,Accessories,2435.59,2
ORD-01240,2023-03-30,iPhone 15,Electronics,1875.42,1
ORD-01241,2023-02-22,MacBook Pro,Accessories,2194.38,4
ORD-01242,2024-10-04,Sony WH-1000,Camera,386.97,1
ORD-01243,2023-12-05,Galaxy Tab,Electronics,541.46,3
ORD-01244,2023-05-13,iPhone 15,Camera,129.57,1
ORD-01245,2024-11-29,Dell XPS 13,Camera,6318.68,5
ORD-01246,2024-08-23,Dell XPS 13,Camera,313.31,2
ORD-01247,2024-01-31,DJI Mini 4,Electronics,405.67,1
ORD-01248,2024-03-12,MacBook Pro,Electronics,1674.88,1
ORD-01249,2024-11-08,MacBook Pro,Camera,5239.04,4
ORD-01250,2024-02-29,Sony WH-1000,Electronics,711.55,2
ORD-01251,2024-06-18,iPad Air,Electronics,232.2,2
ORD-01252,2023-05-20,iPhone 15,Electronics,8640.44,5
ORD-01253,2023-07-08,iPhone 15,Accessories,1383.64,1
ORD-01254,2023-12-06,Sony WH-1000,Camera,874.98,4
ORD-01255,2024-07-22,Canon R5,Accessories,825.43,5
ORD-01256,2023-10-27,Canon R5,Camera,3343.33,4
ORD-01257,2024-02-20,iPhone 15,Electronics,6923.1,4
ORD-01258,2023-08-26,MacBook Pro,Camera,8650.6,5
ORD-01259,2024-10-19,iPhone 15,Camera,1169.7,1
ORD-01260,2024-05-12,iPad Air,Accessories,5946.21,4
ORD-01261,2023-07-05,Sony WH-1000,Accessories,2056.53,2
ORD-01262,2023-08-26,iPad Air,Electronics,6071.47,4
ORD-01263,2024-11-21,Sony WH-1000,Electronics,6635.83,5
ORD-01264,2023-12-10,MacBook Pro,Accessories,9017.04,5
ORD-01265,2023-09-23,Sony WH-1000,Camera,2106.96,5
ORD-01266,2024-04-13,MacBook Pro,Camera,9656.91,5
ORD-01267,2024-11-27,Canon R5,Camera,5238.83,5
ORD-01268,2024-07-15,MacBook Pro,Electronics,8725.34,5
ORD-01269,2023-01-01,Nikon Z6,Accessories,9462.18,5
ORD-01270,2024-12-09,Canon R5,Accessories,3452.19,2
ORD-01271,2024-04-23,MacBook Pro,Camera,3232.09,3
ORD-01272,2024-10-29,iPhone 15,Camera,8793.23,5
ORD-01273,2024-04-12,Nikon Z6,Electronics,2823.24,2
ORD-01274,2024-06-07,Canon R5,Camera,1013.73,1
ORD-01275,2024-07-12,Galaxy Tab,Camera,840.57,3
ORD-01276,2023-07-02,DJI Mini 4,Camera,1924.32,4
ORD-01277,2023-10-19,iPad Air,Electronics,662.36,3
ORD-01278,2023-10-17,MacBook Pro,Electronics,3216.87,3
ORD-01279,2023-10-02,Sony WH-1000,Camera,600.06,2
ORD-01280,2023-11-30,iPhone 15,Accessories,3643.13,3
ORD-01281,2023-12-19,Canon R5,Electronics,3325.26,2
ORD-01282,2024-03-24,MacBook Pro,Camera,2600.91,5
ORD-01283,2023-12-31,iPhone 15,Accessories,4585.15,3
ORD-01284,2024-02-17,MacBook Pro,Camera,3295.36,4
ORD-01285,2024-05-08,Sony WH-1000,Electronics,595.38,2
ORD-01286,2024-07-07,MacBook Pro,Accessories,1355.32,1
ORD-01287,2023-09-15,Dell XPS 13,Camera,392.16,2
ORD-01288,2023-02-15,Dell XPS 13,Electronics,1727.63,2
ORD-01289,2023-07-12,Canon R5,Camera,1024.99,5
ORD-01290,2023-02-13,Dell XPS 13,Camera,3848.28,3
ORD-01291,2024-08-11,MacBook Pro,Camera,9926.81,5
ORD-01292,2023-10-31,DJI Mini 4,Electronics,3445.91,4
ORD-01293,2023-10-20,DJI Mini 4,Electronics,6422.07,4
ORD-01294,2023-03-06,DJI Mini 4,Accessories,4317.29,3
ORD-01295,2024-09-18,DJI Mini 4,Accessories,773.06,3
ORD-01296,2023-07-20,DJI Mini 4,Electronics,2557.54,3
ORD-01297,2023-08-28,iPhone 15,Camera,604.2,2
ORD-01298,2024-02-06,Dell XPS 13,Camera,3602.44,2
ORD-01299,2023-10-11,Samsung S24,Electronics,2022.05,3
ORD-01300,2024-09-04,MacBook Pro,Electronics,1773.6,5
ORD-01301,2023-03-15,Dell XPS 13,Accessories,7798.89,5
ORD-01302,2023-08-19,Canon R5,Accessories,5700.89,5
ORD-01303,2024-04-16,iPhone 15,Accessories,1742.63,2
ORD-01304,2023-06-29,Nikon Z6,Camera,2151.19,2
ORD-01305,2024-03-31,Dell XPS 13,Electronics,1407.35,1
ORD-01306,2024-01-04,Galaxy Tab,Accessories,1187.33,1
ORD-01307,2024-08-30,MacBook Pro,Camera,2153.23,4
ORD-01308,2024-05-15,Galaxy Tab,Camera,3399.54,3
ORD-01309,2023-12-24,DJI Mini 4,Electronics,1737.9,1
ORD-01310,2024-12-25,Nikon Z6,Electronics,1149.88,2
ORD-01311,2024-06-05,iPhone 15,Electronics,9246.59,5
ORD-01312,2024-12-02,MacBook Pro,Camera,5873.94,4
ORD-01313,2023-11-29,Canon R5,Accessories,2031.85,2
ORD-01314,2023-07-07,MacBook Pro,Camera,246.68,1
ORD-01315,2023-11-30,iPhone 15,Accessories,3259.85,2
ORD-01316,2023-12-20,Sony WH-1000,Accessories,3636.05,3
ORD-01317,2023-05-07,Dell XPS 13,Accessories,3139.69,2
ORD-01318,2023-09-06,iPhone 15,Camera,3812.74,3
ORD-01319,2023-09-06,MacBook Pro,Camera,1303.34,3
ORD-01320,2023-04-27,MacBook Pro,Accessories,1829.8,3
ORD-01321,2024-05-12,iPad Air,Accessories,3212.32,5
ORD-01322,2024-02-11,Nikon Z6,Camera,1397.06,1
ORD-01323,2023-04-29,MacBook Pro,Accessories,1317.34,1
ORD-01324,2023-04-15,iPhone 15,Camera,1655.4,1
ORD-01325,2024-11-14,DJI Mini 4,Accessories,6808.03,5
ORD-01326,2024-12-10,MacBook Pro,Electronics,3737.8,4
ORD-01327,2023-09-29,iPad Air,Camera,465.85,2
ORD-01328,2023-01-24,iPhone 15,Camera,2496.61,2
ORD-01329,2023-09-04,Sony WH-1000,Camera,291.86,1
ORD-01330,2023-08-23,iPad Air,Accessories,4150.57,4
ORD-01331,2023-04-18,Galaxy Tab,Accessories,3718.94,3
ORD-01332,2023-10-22,Samsung S24,Accessories,4268.89,3
ORD-01333,2024-05-22,Samsung S24,Accessories,611.12,4
ORD-01334,2023-04-28,iPhone 15,Accessories,449.48,2
ORD-01335,2024-10-17,Dell XPS 13,Camera,1667.23,1
ORD-01336,2023-12-28,Sony WH-1000,Accessories,9346.81,5
ORD-01337,2023-09-23,Canon R5,Camera,4742.65,4
ORD-01338,2023-09-10,MacBook Pro,Camera,7752.62,5
ORD-01339,2023-08-01,iPad Air,Electronics,1039.79,4
ORD-01340,2023-05-14,Sony WH-1000,Accessories,1391.89,1
ORD-01341,2024-08-20,Galaxy Tab,Accessories,5126.14,3
ORD-01342,2023-06-28,Nikon Z6,Accessories,436.53,1
ORD-01343,2024-11-26,Nikon Z6,Accessories,1484.34,4
ORD-01344,2023-02-19,iPhone 15,Accessories,5954.07,3
ORD-01345,2023-03-14,Sony WH-1000,Electronics,4545.08,4
ORD-01346,2024-12-14,iPhone 15,Accessories,1747.38,1
ORD-01347,2023-04-16,Nikon Z6,Electronics,7221.27,5
ORD-01348,2024-03-25,DJI Mini 4,Electronics,2120.25,4
ORD-01349,2024-05-26,Nikon Z6,Electronics,1353.06,1
ORD-01350,2023-09-10,Dell XPS 13,Accessories,4386.39,3
ORD-01351,2023-12-01,Sony WH-1000,Accessories,724.94,1
ORD-01352,2023-01-30,DJI Mini 4,Accessories,1575.61,1
ORD-01353,2024-02-27,Samsung S24,Accessories,1613.48,2
ORD-01354,2024-04-24,Sony WH-1000,Electronics,1089.75,1
ORD-01355,2024-06-05,Nikon Z6,Electronics,6217.59,4
ORD-01356,2024-08-07,Galaxy Tab,Electronics,1918.86,2
ORD-01357,2024-01-08,Dell XPS 13,Camera,1206.4,1
ORD-01358,2023-04-23,MacBook Pro,Electronics,3637.08,4
ORD-01359,2023-02-12,DJI Mini 4,Accessories,1461.82,3
ORD-01360,2024-03-16,DJI Mini 4,Camera,8608.54,5
ORD-01361,2023-03-12,Canon R5,Accessories,979.85,5
ORD-01362,2023-03-17,iPhone 15,Accessories,741.58,4
ORD-01363,2023-05-25,Sony WH-1000,Accessories,528.38,5
ORD-01364,2023-06-23,Samsung S24,Accessories,3806.44,4
ORD-01365,2023-03-18,Nikon Z6,Accessories,7543.4,4
ORD-01366,2023-12-14,Nikon Z6,Camera,639.68,1
ORD-01367,2024-11-16,Canon R5,Accessories,776.14,1
ORD-01368,2024-02-15,iPhone 15,Electronics,2058.85,3
ORD-01369,2023-04-14,MacBook Pro,Electronics,412.27,4
ORD-01370,2024-07-26,Canon R5,Camera,4642.16,3
ORD-01371,2024-01-01,Galaxy Tab,Electronics,214.55,1
ORD-01372,2024-07-27,Canon R5,Camera,2072.29,3
ORD-01373,2023-11-13,Dell XPS 13,Electronics,9431.55,5
ORD-01374,2023-11-21,Galaxy Tab,Camera,241.89,2
ORD-01375,2023-11-22,Canon R5,Electronics,4749.93,4
ORD-01376,2023-10-04,Nikon Z6,Electronics,2874.81,2
ORD-01377,2024-04-14,Galaxy Tab,Accessories,6575.45,4
ORD-01378,2024-07-19,Nikon Z6,Camera,808.19,1
ORD-01379,2024-03-17,Sony WH-1000,Accessories,679.08,2
ORD-01380,2023-09-09,Sony WH-1000,Electronics,2213.71,3
ORD-01381,2023-11-01,Nikon Z6,Accessories,6293.94,5
ORD-01382,2023-11-15,Nikon Z6,Accessories,5168.65,3
ORD-01383,2023-04-05,Sony WH-1000,Electronics,4247.06,3
ORD-01384,2023-08-20,iPad Air,Electronics,1294.7,1
ORD-01385,2024-10-03,Samsung S24,Accessories,8301.25,5
ORD-01386,2024-12-29,Dell XPS 13,Accessories,1579.82,4
ORD-01387,2024-02-03,Sony WH-1000,Accessories,4650.6,4
ORD-01388,2023-09-01,Sony WH-1000,Camera,1874.88,1
ORD-01389,2023-05-18,Samsung S24,Accessories,5795.22,4
ORD-01390,2023-06-15,DJI Mini 4,Electronics,1950.06,5
ORD-01391,2023-10-21,DJI Mini 4,Accessories,673.32,2
ORD-01392,2023-02-17,Galaxy Tab,Electronics,4837.4,3
ORD-01393,2023-06-21,MacBook Pro,Camera,420.39,1
ORD-01394,2024-12-19,iPhone 15,Electronics,1057.28,1
ORD-01395,2023-02-02,Dell XPS 13,Camera,731.2,2
ORD-01396,2023-02-11,DJI Mini 4,Camera,5681.53,4
ORD-01397,2024-06-28,DJI Mini 4,Accessories,3099.35,3
ORD-01398,2024-12-30,Sony WH-1000,Camera,3646.9,2
ORD-01399,2024-02-28,Dell XPS 13,Accessories,3546.42,2
ORD-01400,2023-07-26,DJI Mini 4,Accessories,184.92,1
ORD-01401,2023-05-27,Samsung S24,Electronics,4460.38,5
ORD-01402,2023-01-07,iPad Air,Accessories,5650.61,3
ORD-01403,2023-09-04,iPad Air,Accessories,3189.02,5
ORD-01404,2023-02-04,MacBook Pro,Electronics,1214.13,1
ORD-01405,2023-06-08,MacBook Pro,Camera,6118.68,4
ORD-01406,2024-09-19,MacBook Pro,Camera,3995.68,4
ORD-01407,2023-07-07,Sony WH-1000,Camera,391.39,1
ORD-01408,2023-08-09,DJI Mini 4,Electronics,885.45,1
ORD-01409,2023-01-11,Nikon Z6,Camera,2522.62,5
ORD-01410,2024-04-13,Sony WH-1000,Accessories,2448.55,2
ORD-01411,2024-03-01,Canon R5,Electronics,4580.12,5
ORD-01412,2023-10-24,DJI Mini 4,Electronics,2369.34,2
ORD-01413,2024-10-18,iPhone 15,Accessories,5462.42,5
ORD-01414,2024-08-24,Sony WH-1000,Accessories,3372.83,4
ORD-01415,2023-04-19,iPad Air,Electronics,1197.06,2
ORD-01416,2023-03-19,MacBook Pro,Accessories,3173.85,3
ORD-01417,2023-06-29,Nikon Z6,Accessories,7382.55,4
ORD-01418,2024-10-18,iPhone 15,Accessories,743.81,4
ORD-01419,2024-10-29,iPhone 15,Electronics,9026.7,5
ORD-01420,2023-09-16,Sony WH-1000,Camera,7347.39,5
ORD-01421,2024-09-17,Nikon Z6,Electronics,1388.43,1
ORD-01422,2023-12-08,Canon R5,Camera,9275.47,5
ORD-01423,2024-03-18,DJI Mini 4,Electronics,587.69,3
ORD-01424,2023-01-27,iPad Air,Accessories,5009.31,3
ORD-01425,2024-02-18,Galaxy Tab,Camera,1287.61,1
ORD-01426,2024-03-07,iPhone 15,Camera,1268.86,2
ORD-01427,2024-01-26,DJI Mini 4,Electronics,7558.59,4
ORD-01428,2023-06-08,Galaxy Tab,Accessories,4616.78,3
ORD-01429,2023-05-07,DJI Mini 4,Accessories,3680.74,2
ORD-01430,2024-07-31,DJI Mini 4,Accessories,4062.38,3
ORD-01431,2023-11-06,Samsung S24,Accessories,622.24,1
ORD-01432,2023-10-29,iPhone 15,Camera,2058.12,4
ORD-01433,2024-01-27,iPhone 15,Camera,1053.3,1
ORD-01434,2023-10-02,Canon R5,Accessories,4240.8,3
ORD-01435,2023-07-10,Sony WH-1000,Electronics,1425.78,2
ORD-01436,2023-09-03,MacBook Pro,Electronics,1623.29,2
ORD-01437,2024-05-06,Nikon Z6,Electronics,2771.92,2
ORD-01438,2023-04-02,MacBook Pro,Camera,7896.26,4
ORD-01439,2024-03-08,Canon R5,Camera,2664.08,5
ORD-01440,2023-09-18,MacBook Pro,Camera,1815.19,2
ORD-01441,2024-06-13,Dell XPS 13,Accessories,2791.12,4
ORD-01442,2023-03-29,iPhone 15,Camera,1586.26,2
ORD-01443,2023-08-31,Nikon Z6,Accessories,7496.25,4
ORD-01444,2024-06-08,iPhone 15,Electronics,1565.53,1
ORD-01445,2024-03-09,Sony WH-1000,Electronics,2742.08,2
ORD-01446,2024-04-20,DJI Mini 4,Electronics,5249.86,3
ORD-01447,2023-01-26,Galaxy Tab,Accessories,2593.65,5
ORD-01448,2023-07-18,Samsung S24,Accessories,1269.15,1
ORD-01449,2024-01-28,DJI Mini 4,Electronics,6399.02,5
ORD-01450,2023-09-16,iPad Air,Electronics,2746.51,2
ORD-01451,2024-01-27,MacBook Pro,Camera,2902.23,2
ORD-01452,2024-07-05,Sony WH-1000,Accessories,6263.54,4
ORD-01453,2023-02-08,Sony WH-1000,Camera,1471.85,5
ORD-01454,2024-04-14,Samsung S24,Camera,1377.0,3
ORD-01455,2024-02-29,iPad Air,Accessories,4753.38,3
ORD-01456,2023-05-18,Canon R5,Electronics,1567.49,1
ORD-01457,2024-10-03,Dell XPS 13,Camera,8266.26,5
ORD-01458,2023-07-17,DJI Mini 4,Electronics,5626.79,5
ORD-01459,2024-11-15,Dell XPS 13,Electronics,1473.25,3
ORD-01460,2024-09-18,Sony WH-1000,Electronics,1643.87,2
ORD-01461,2024-05-19,Nikon Z6,Electronics,1463.73,1
ORD-01462,2023-03-30,Sony WH-1000,Accessories,3159.04,5
ORD-01463,2024-02-19,DJI Mini 4,Electronics,4823.97,4
ORD-01464,2023-05-10,Dell XPS 13,Accessories,7897.2,4
ORD-01465,2024-10-16,Samsung S24,Electronics,3026.46,3
ORD-01466,2023-07-05,Dell XPS 13,Camera,497.32,2
ORD-01467,2023-11-15,Sony WH-1000,Accessories,3476.92,4
ORD-01468,2023-02-07,Sony WH-1000,Electronics,2848.19,5
ORD-01469,2024-12-29,Galaxy Tab,Accessories,7246.44,4
ORD-01470,2024-06-30,iPad Air,Electronics,4785.58,3
ORD-01471,2023-10-16,DJI Mini 4,Electronics,3611.15,3
ORD-01472,2023-07-08,MacBook Pro,Accessories,396.05,3
ORD-01473,2023-08-04,iPhone 15,Electronics,5830.11,5
ORD-01474,2024-03-15,Samsung S24,Accessories,7351.88,4
ORD-01475,2023-10-28,Galaxy Tab,Camera,2468.5,4
ORD-01476,2024-01-07,iPhone 15,Electronics,4190.82,3
ORD-01477,2024-01-11,Dell XPS 13,Electronics,2898.99,2
ORD-01478,2024-09-07,iPhone 15,Electronics,3729.55,5
ORD-01479,2023-11-22,iPhone 15,Camera,3610.72,5
ORD-01480,2023-01-14,Sony WH-1000,Camera,1205.55,4
ORD-01481,2023-08-16,Sony WH-1000,Camera,533.0,4
ORD-01482,2023-04-05,Samsung S24,Accessories,1940.23,3
ORD-01483,2024-10-20,Canon R5,Camera,4464.6,5
ORD-01484,2023-03-22,MacBook Pro,Accessories,3960.81,5
ORD-01485,2023-06-04,Sony WH-1000,Camera,1396.67,2
ORD-01486,2023-09-16,Sony WH-1000,Accessories,3870.79,4
ORD-01487,2023-07-06,MacBook Pro,Electronics,794.24,3
ORD-01488,2023-11-16,DJI Mini 4,Accessories,1527.47,2
ORD-01489,2023-08-13,Samsung S24,Accessories,1223.19,4
ORD-01490,2024-12-25,iPad Air,Electronics,622.54,4
ORD-01491,2023-07-03,iPhone 15,Electronics,3379.29,4
ORD-01492,2023-01-22,iPad Air,Camera,3447.25,5
ORD-01493,2023-05-28,Nikon Z6,Accessories,5755.15,5
ORD-01494,2023-06-25,Canon R5,Accessories,2436.85,2
ORD-01495,2023-06-09,Dell XPS 13,Accessories,3412.36,4
ORD-01496,2023-03-29,Sony WH-1000,Electronics,2750.6,2
ORD-01497,2023-01-22,Sony WH-1000,Camera,167.84,1
ORD-01498,2024-05-10,Sony WH-1000,Accessories,501.89,1
ORD-01499,2023-06-22,Nikon Z6,Electronics,3594.09,4
ORD-01500,2024-10-26,Canon R5,Accessories,894.04,4
ORD-01501,2024-02-05,iPhone 15,Electronics,7702.76,4
ORD-01502,2024-09-11,DJI Mini 4,Accessories,4590.56,4
ORD-01503,2024-06-19,Galaxy Tab,Electronics,493.21,2
ORD-01504,2024-10-05,MacBook Pro,Camera,9224.49,5
ORD-01505,2023-09-27,DJI Mini 4,Electronics,1990.19,2
ORD-01506,2023-08-13,iPhone 15,Accessories,5583.87,5
ORD-01507,2023-07-11,Nikon Z6,Camera,1393.35,2
ORD-01508,2023-12-02,Galaxy Tab,Electronics,2514.36,2
ORD-01509,2023-12-29,MacBook Pro,Electronics,1977.87,4
ORD-01510,2023-12-15,Canon R5,Camera,1097.16,2
ORD-01511,2023-08-14,MacBook Pro,Electronics,3444.52,3
ORD-01512,2023-09-16,Canon R5,Electronics,1541.04,1
ORD-01513,2024-08-05,Galaxy Tab,Accessories,1250.77,2
ORD-01514,2024-11-11,DJI Mini 4,Accessories,2376.61,4
ORD-01515,2024-07-28,Galaxy Tab,Accessories,3806.88,2
ORD-01516,2023-08-22,iPhone 15,Electronics,2945.0,2
ORD-01517,2024-04-18,Dell XPS 13,Camera,921.79,1
ORD-01518,2023-04-11,Dell XPS 13,Camera,5772.42,4
ORD-01519,2023-08-20,iPhone 15,Accessories,4413.69,5
ORD-01520,2024-09-20,Canon R5,Electronics,719.74,1
ORD-01521,2023-05-07,iPhone 15,Camera,5778.78,4
ORD-01522,2024-12-16,Dell XPS 13,Accessories,1735.98,4
ORD-01523,2024-12-21,iPhone 15,Electronics,2619.25,2
ORD-01524,2024-10-09,Galaxy Tab,Electronics,1124.3,3
ORD-01525,2023-03-01,Galaxy Tab,Electronics,6769.45,5
ORD-01526,2023-11-16,iPhone 15,Electronics,1125.8,3
ORD-01527,2023-11-13,Dell XPS 13,Accessories,1745.35,1
ORD-01528,2024-01-10,iPad Air,Accessories,5504.26,3
ORD-01529,2023-06-17,iPhone 15,Accessories,439.99,3
ORD-01530,2023-06-03,Samsung S24,Accessories,340.48,1
ORD-01531,2023-12-08,Nikon Z6,Accessories,4179.91,3
ORD-01532,2024-07-08,iPhone 15,Electronics,4370.2,4
ORD-01533,2023-05-15,Canon R5,Camera,3437.57,5
ORD-01534,2023-10-10,Galaxy Tab,Camera,6456.57,4
ORD-01535,2024-07-31,Samsung S24,Camera,4159.48,4
ORD-01536,2024-02-05,Dell XPS 13,Electronics,150.46,1
ORD-01537,2023-09-27,Sony WH-1000,Accessories,2186.54,2
ORD-01538,2024-10-12,Nikon Z6,Electronics,2420.91,3
ORD-01539,2023-09-25,iPad Air,Accessories,5933.04,3
ORD-01540,2024-06-20,iPhone 15,Electronics,4161.65,4
ORD-01541,2024-08-21,iPad Air,Camera,628.22,1
ORD-01542,2024-12-06,Samsung S24,Electronics,4410.46,5
ORD-01543,2024-09-07,DJI Mini 4,Accessories,2747.72,3
ORD-01544,2024-02-20,iPhone 15,Accessories,1808.54,1
ORD-01545,2024-04-11,Samsung S24,Camera,3114.28,2
ORD-01546,2023-06-07,Dell XPS 13,Camera,3446.93,2
ORD-01547,2024-03-15,DJI Mini 4,Accessories,316.43,1
ORD-01548,2023-06-27,Dell XPS 13,Camera,8364.37,5
ORD-01549,2024-02-19,iPhone 15,Accessories,2439.2,2
ORD-01550,2023-07-11,Samsung S24,Electronics,1205.49,3
ORD-01551,2023-07-01,Samsung S24,Camera,1369.34,4
ORD-01552,2023-11-10,Dell XPS 13,Electronics,6408.86,5
ORD-01553,2023-03-30,Galaxy Tab,Electronics,915.34,1
ORD-01554,2023-08-18,Sony WH-1000,Accessories,5022.33,3
ORD-01555,2024-03-04,MacBook Pro,Accessories,1740.62,4
ORD-01556,2023-05-18,Samsung S24,Electronics,268.47,1
ORD-01557,2023-01-26,DJI Mini 4,Accessories,4324.9,5
ORD-01558,2023-07-31,Galaxy Tab,Accessories,492.03,1
ORD-01559,2024-08-21,iPhone 15,Camera,852.73,1
ORD-01560,2023-05-19,Dell XPS 13,Camera,5242.66,3
ORD-01561,2023-10-21,Samsung S24,Camera,1866.93,1
ORD-01562,2023-04-21,Canon R5,Camera,4599.78,4
ORD-01563,2023-06-21,Sony WH-1000,Electronics,492.24,2
ORD-01564,2023-03-05,Samsung S24,Electronics,974.98,3
ORD-01565,2023-12-05,Nikon Z6,Electronics,2062.39,5
ORD-01566,2023-06-12,Canon R5,Electronics,967.86,5
ORD-01567,2023-05-18,DJI Mini 4,Camera,861.03,1
ORD-01568,2024-12-15,Samsung S24,Electronics,613.54,1
ORD-01569,2023-09-20,Nikon Z6,Accessories,4114.2,3
ORD-01570,2023-09-04,Samsung S24,Accessories,3846.82,2
ORD-01571,2023-07-09,Galaxy Tab,Electronics,3464.71,5
ORD-01572,2024-03-17,iPad Air,Accessories,357.12,1
ORD-01573,2024-09-28,iPad Air,Accessories,866.21,3
ORD-01574,2024-05-06,Sony WH-1000,Electronics,4646.93,5
ORD-01575,2023-03-21,iPad Air,Accessories,915.53,2
ORD-01576,2023-08-16,MacBook Pro,Accessories,7524.33,5
ORD-01577,2023-11-13,MacBook Pro,Electronics,7552.01,5
ORD-01578,2023-06-01,Sony WH-1000,Electronics,5298.18,3
ORD-01579,2023-04-11,MacBook Pro,Accessories,822.43,3
ORD-01580,2023-11-02,Dell XPS 13,Electronics,788.22,2
ORD-01581,2023-09-20,Sony WH-1000,Accessories,669.65,2
ORD-01582,2023-04-30,iPad Air,Camera,5695.62,3
ORD-01583,2023-01-27,iPad Air,Electronics,539.44,1
ORD-01584,2024-04-29,MacBook Pro,Camera,2744.88,2
ORD-01585,2023-06-19,Samsung S24,Camera,1108.63,1
ORD-01586,2024-04-27,MacBook Pro,Camera,3130.61,2
ORD-01587,2024-07-22,MacBook Pro,Electronics,7970.61,4
ORD-01588,2024-01-16,Galaxy Tab,Electronics,7869.01,5
ORD-01589,2023-01-03,Galaxy Tab,Camera,5099.09,3
ORD-01590,2023-04-01,Sony WH-1000,Accessories,6227.69,5
ORD-01591,2024-04-13,Samsung S24,Electronics,3924.7,2
ORD-01592,2023-04-24,iPad Air,Camera,3727.34,4
ORD-01593,2023-08-13,Galaxy Tab,Camera,2956.06,4
ORD-01594,2023-11-11,Samsung S24,Electronics,912.6,2
ORD-01595,2024-09-28,Canon R5,Accessories,2747.21,4
ORD-01596,2023-04-20,iPad Air,Accessories,2476.21,3
ORD-01597,2024-12-26,Canon R5,Camera,381.36,2
ORD-01598,2023-04-16,DJI Mini 4,Electronics,8199.25,5
ORD-01599,2023-12-24,Galaxy Tab,Electronics,2704.42,4
ORD-01600,2024-02-20,MacBook Pro,Accessories,1298.27,1
ORD-01601,2024-12-22,iPad Air,Electronics,3625.07,4
ORD-01602,2023-10-20,DJI Mini 4,Camera,1994.61,4
ORD-01603,2023-09-21,Sony WH-1000,Camera,1265.63,1
ORD-01604,2023-08-23,MacBook Pro,Electronics,5509.05,5
ORD-01605,2024-02-15,Nikon Z6,Accessories,1687.48,5
ORD-01606,2023-06-08,iPad Air,Accessories,5264.16,5
ORD-01607,2024-10-24,Galaxy Tab,Electronics,4770.63,3
ORD-01608,2024-06-08,Sony WH-1000,Camera,3174.95,4
ORD-01609,2024-07-15,iPad Air,Camera,7190.19,4
ORD-01610,2024-09-07,Sony WH-1000,Camera,4312.85,5
ORD-01611,2024-02-17,DJI Mini 4,Camera,3233.14,2
ORD-01612,2024-11-01,iPad Air,Electronics,758.98,1
ORD-01613,2024-09-29,iPhone 15,Accessories,149.01,1
ORD-01614,2023-08-19,Samsung S24,Camera,9944.51,5
ORD-01615,2024-10-03,Samsung S24,Accessories,3493.01,3
ORD-01616,2024-08-23,DJI Mini 4,Accessories,1633.08,1
ORD-01617,2024-10-06,iPhone 15,Electronics,1416.6,2
ORD-01618,2024-04-25,DJI Mini 4,Camera,640.63,1
ORD-01619,2023-07-05,MacBook Pro,Camera,654.05,4
ORD-01620,2023-12-27,DJI Mini 4,Electronics,635.57,2
ORD-01621,2023-02-15,Sony WH-1000,Electronics,6420.55,4
ORD-01622,2023-07-20,Sony WH-1000,Electronics,5432.44,4
ORD-01623,2023-10-30,iPad Air,Camera,245.31,1
ORD-01624,2023-11-22,iPad Air,Electronics,1888.59,4
ORD-01625,2024-05-18,Nikon Z6,Accessories,2679.07,2
ORD-01626,2023-12-15,iPhone 15,Electronics,3073.22,4
ORD-01627,2023-01-27,Galaxy Tab,Camera,7711.15,5
ORD-01628,2024-12-29,DJI Mini 4,Accessories,1140.52,4
ORD-01629,2024-11-03,Galaxy Tab,Electronics,6788.48,4
ORD-01630,2023-02-14,DJI Mini 4,Electronics,3439.77,3
ORD-01631,2023-01-09,Sony WH-1000,Electronics,2012.78,5
ORD-01632,2023-10-04,Dell XPS 13,Camera,8782.6,5
ORD-01633,2024-09-23,Sony WH-1000,Accessories,1537.01,5
ORD-01634,2024-04-23,MacBook Pro,Accessories,1276.72,4
ORD-01635,2023-09-18,iPhone 15,Electronics,2651.16,2
ORD-01636,2023-01-01,Samsung S24,Accessories,1858.13,1
ORD-01637,2023-02-25,Nikon Z6,Accessories,3125.53,2
ORD-01638,2023-12-15,MacBook Pro,Camera,1928.56,1
ORD-01639,2023-12-11,Nikon Z6,Camera,734.39,1
ORD-01640,2023-05-21,DJI Mini 4,Accessories,7188.39,4
ORD-01641,2023-07-05,Sony WH-1000,Electronics,1941.55,5
ORD-01642,2023-09-29,MacBook Pro,Electronics,1520.73,1
ORD-01643,2023-01-05,Sony WH-1000,Camera,2753.16,4
ORD-01644,2023-06-25,iPad Air,Electronics,7625.96,5
ORD-01645,2024-02-26,iPhone 15,Camera,3393.39,2
ORD-01646,2023-05-02,DJI Mini 4,Accessories,4403.9,3
ORD-01647,2023-09-02,Canon R5,Camera,4978.92,3
ORD-01648,2023-04-17,Galaxy Tab,Electronics,9875.97,5
ORD-01649,2023-10-24,Sony WH-1000,Accessories,2952.46,2
ORD-01650,2023-06-15,Galaxy Tab,Electronics,1065.55,1
ORD-01651,2024-12-12,MacBook Pro,Accessories,6215.41,4
ORD-01652,2023-02-15,Canon R5,Camera,1155.22,1
ORD-01653,2023-11-12,Nikon Z6,Accessories,3474.75,2
ORD-01654,2023-09-20,MacBook Pro,Accessories,441.14,1
ORD-01655,2024-04-23,Canon R5,Accessories,601.68,1
ORD-01656,2024-10-02,Samsung S24,Camera,2764.51,4
ORD-01657,2023-08-26,iPhone 15,Camera,1179.17,1
ORD-01658,2023-09-30,Nikon Z6,Accessories,5251.18,4
ORD-01659,2023-11-09,Sony WH-1000,Electronics,1573.6,4
ORD-01660,2023-06-29,MacBook Pro,Camera,1559.64,5
ORD-01661,2024-08-08,Samsung S24,Camera,918.23,2
ORD-01662,2024-05-11,Sony WH-1000,Accessories,7369.35,5
ORD-01663,2024-07-28,Nikon Z6,Electronics,1933.65,1
ORD-01664,2024-10-19,Dell XPS 13,Electronics,4453.86,3
ORD-01665,2024-06-20,Sony WH-1000,Electronics,584.86,1
ORD-01666,2023-11-11,Dell XPS 13,Camera,6898.25,5
ORD-01667,2023-02-16,Canon R5,Electronics,6218.71,5
ORD-01668,2023-04-12,Galaxy Tab,Accessories,1232.08,3
ORD-01669,2023-03-10,Galaxy Tab,Electronics,3652.67,2
ORD-01670,2023-09-14,Sony WH-1000,Accessories,7665.71,4
ORD-01671,2023-07-08,iPhone 15,Electronics,1239.27,3
ORD-01672,2023-09-07,Galaxy Tab,Electronics,1547.4,2
ORD-01673,2024-03-18,iPad Air,Accessories,1208.76,1
ORD-01674,2023-09-11,Dell XPS 13,Electronics,4941.34,3
ORD-01675,2023-05-22,Nikon Z6,Electronics,7923.1,5
ORD-01676,2023-11-19,iPad Air,Electronics,643.17,1
ORD-01677,2023-11-19,Canon R5,Camera,5286.66,3
ORD-01678,2024-07-03,iPad Air,Electronics,1502.89,1
ORD-01679,2023-11-04,iPad Air,Electronics,4346.55,3
ORD-01680,2024-03-17,MacBook Pro,Accessories,911.53,2
ORD-01681,2023-07-20,Canon R5,Electronics,1625.53,1
ORD-01682,2024-04-20,MacBook Pro,Electronics,3621.17,2
ORD-01683,2023-11-09,MacBook Pro,Camera,1854.87,2
ORD-01684,2024-05-09,DJI Mini 4,Accessories,5279.16,3
ORD-01685,2023-05-08,MacBook Pro,Electronics,267.16,2
ORD-01686,2024-10-02,iPad Air,Electronics,5082.52,5
ORD-01687,2024-04-14,DJI Mini 4,Accessories,942.61,3
ORD-01688,2023-04-13,MacBook Pro,Accessories,4144.83,3
ORD-01689,2024-09-16,iPhone 15,Accessories,1209.58,2
ORD-01690,2024-03-27,Canon R5,Accessories,713.82,1
ORD-01691,2023-03-19,Galaxy Tab,Electronics,7476.29,5
ORD-01692,2023-02-14,Canon R5,Accessories,3373.93,5
ORD-01693,2024-05-26,Dell XPS 13,Accessories,632.4,1
ORD-01694,2023-08-19,iPhone 15,Camera,5352.85,4
ORD-01695,2024-03-31,Galaxy Tab,Camera,2605.09,5
ORD-01696,2024-12-06,Galaxy Tab,Accessories,672.63,3
ORD-01697,2023-08-11,Sony WH-1000,Camera,2063.7,5
ORD-01698,2024-01-10,Nikon Z6,Accessories,335.18,3
ORD-01699,2023-12-25,iPad Air,Accessories,2419.88,4
ORD-01700,2023-09-09,Canon R5,Accessories,1374.66,1
ORD-01701,2024-11-22,iPad Air,Electronics,3015.46,2
ORD-01702,2024-12-03,Canon R5,Camera,620.03,1
ORD-01703,2023-12-20,iPhone 15,Electronics,1543.22,1
ORD-01704,2024-02-26,Galaxy Tab,Electronics,5802.25,3
ORD-01705,2023-10-03,MacBook Pro,Electronics,1018.99,3
ORD-01706,2023-01-31,Nikon Z6,Accessories,368.37,2
ORD-01707,2024-08-30,MacBook Pro,Electronics,2440.15,4
ORD-01708,2024-04-17,Galaxy Tab,Accessories,498.58,1
ORD-01709,2024-04-16,Canon R5,Camera,2255.79,4
ORD-01710,2023-10-26,Nikon Z6,Electronics,7692.77,4
ORD-01711,2023-02-14,MacBook Pro,Accessories,2345.63,2
ORD-01712,2023-07-01,MacBook Pro,Accessories,1503.43,3
ORD-01713,2024-09-05,Canon R5,Accessories,2172.57,4
ORD-01714,2023-09-14,Dell XPS 13,Camera,1574.14,1
ORD-01715,2023-01-21,Sony WH-1000,Camera,2567.91,4
ORD-01716,2023-05-22,Canon R5,Electronics,5858.42,3
ORD-01717,2024-12-16,DJI Mini 4,Camera,7012.18,4
ORD-01718,2023-03-15,Galaxy Tab,Camera,586.82,3
ORD-01719,2023-06-27,Nikon Z6,Accessories,5677.61,5
ORD-01720,2023-01-23,Dell XPS 13,Electronics,1824.17,1
ORD-01721,2023-03-20,Canon R5,Electronics,3177.07,3
ORD-01722,2023-05-07,Nikon Z6,Camera,1046.88,2
ORD-01723,2023-10-19,DJI Mini 4,Camera,1608.22,1
ORD-01724,2023-10-25,DJI Mini 4,Camera,3973.57,2
ORD-01725,2023-11-24,Nikon Z6,Electronics,5143.62,3
ORD-01726,2023-12-02,Samsung S24,Electronics,1768.4,3
ORD-01727,2024-07-26,MacBook Pro,Accessories,8995.38,5
ORD-01728,2023-08-28,Sony WH-1000,Camera,701.28,1
ORD-01729,2023-05-24,Nikon Z6,Electronics,2543.86,2
ORD-01730,2024-07-09,Canon R5,Camera,781.67,3
ORD-01731,2023-07-04,Samsung S24,Electronics,6828.23,5
ORD-01732,2024-02-26,MacBook Pro,Accessories,2411.97,4
ORD-01733,2023-07-03,iPad Air,Accessories,141.33,1
ORD-01734,2023-04-05,Canon R5,Electronics,7829.77,4
ORD-01735,2024-02-15,DJI Mini 4,Electronics,7092.88,5
ORD-01736,2023-09-08,Nikon Z6,Electronics,1860.82,1
ORD-01737,2024-04-25,iPad Air,Accessories,4922.05,4
ORD-01738,2023-11-09,Nikon Z6,Accessories,666.3,3
ORD-01739,2023-03-25,MacBook Pro,Accessories,1081.99,5
ORD-01740,2024-07-12,Nikon Z6,Electronics,328.58,1
ORD-01741,2024-06-20,MacBook Pro,Electronics,272.32,1
ORD-01742,2023-05-19,Galaxy Tab,Camera,1521.4,4
ORD-01743,2024-02-07,MacBook Pro,Accessories,3510.67,3
ORD-01744,2023-08-09,Canon R5,Electronics,2799.07,2
ORD-01745,2024-04-25,DJI Mini 4,Accessories,807.05,2
ORD-01746,2023-09-30,iPhone 15,Electronics,3089.79,2
ORD-01747,2023-12-06,Canon R5,Accessories,5747.82,5
ORD-01748,2023-02-01,Nikon Z6,Accessories,3116.33,3
ORD-01749,2023-06-18,MacBook Pro,Electronics,539.8,1
ORD-01750,2023-01-14,Nikon Z6,Accessories,7225.77,5
ORD-01751,2023-09-13,iPad Air,Electronics,3851.69,4
ORD-01752,2023-05-27,Sony WH-1000,Camera,307.6,3
ORD-01753,2023-12-25,iPad Air,Accessories,4505.09,3
ORD-01754,2023-05-17,Canon R5,Camera,462.11,2
ORD-01755,2023-04-30,iPad Air,Electronics,8245.83,5
ORD-01756,2024-10-07,Canon R5,Accessories,4404.54,3
ORD-01757,2024-07-21,MacBook Pro,Electronics,4871.9,4
ORD-01758,2024-11-05,Sony WH-1000,Accessories,2210.09,2
ORD-01759,2024-03-29,Nikon Z6,Electronics,3758.24,3
ORD-01760,2023-12-25,Canon R5,Accessories,571.21,1
ORD-01761,2023-01-07,Sony WH-1000,Accessories,5214.03,4
ORD-01762,2024-07-27,Sony WH-1000,Accessories,2093.59,5
ORD-01763,2024-07-27,Dell XPS 13,Camera,2452.12,3
ORD-01764,2024-01-11,iPhone 15,Electronics,5731.22,5
ORD-01765,2023-06-19,Dell XPS 13,Accessories,1025.6,3
ORD-01766,2024-06-18,Sony WH-1000,Electronics,1096.25,2
ORD-01767,2023-04-12,iPad Air,Camera,3396.23,2
ORD-01768,2023-05-13,Nikon Z6,Accessories,7565.04,5
ORD-01769,2023-09-10,iPhone 15,Accessories,3168.41,3
ORD-01770,2023-02-19,Nikon Z6,Electronics,2592.42,4
ORD-01771,2023-06-19,Nikon Z6,Camera,7812.64,5
ORD-01772,2023-04-22,Samsung S24,Camera,144.4,1
ORD-01773,2023-11-27,Sony WH-1000,Electronics,5824.14,5
ORD-01774,2023-09-01,Galaxy Tab,Camera,7111.43,4
ORD-01775,2024-05-03,DJI Mini 4,Accessories,1980.19,1
ORD-01776,2024-09-16,Dell XPS 13,Electronics,5386.53,5
ORD-01777,2023-02-17,Galaxy Tab,Camera,469.61,2
ORD-01778,2023-06-13,Sony WH-1000,Camera,1285.83,4
ORD-01779,2023-07-04,Sony WH-1000,Accessories,3637.49,2
ORD-01780,2023-07-29,MacBook Pro,Camera,1318.59,4
ORD-01781,2023-07-29,Samsung S24,Electronics,2229.84,2
ORD-01782,2023-10-26,iPad Air,Electronics,2832.74,2
ORD-01783,2023-04-25,DJI Mini 4,Electronics,1778.48,1
ORD-01784,2023-08-22,Sony WH-1000,Camera,797.49,2
ORD-01785,2024-07-02,iPad Air,Accessories,7141.51,4
ORD-01786,2024-11-24,Dell XPS 13,Electronics,1027.01,3
ORD-01787,2024-01-19,Canon R5,Electronics,6028.29,4
ORD-01788,2023-05-20,iPhone 15,Accessories,3190.98,2
ORD-01789,2023-01-05,Samsung S24,Accessories,1107.63,1
ORD-01790,2023-12-04,Nikon Z6,Electronics,3618.56,3
ORD-01791,2023-07-07,Samsung S24,Accessories,4130.47,3
ORD-01792,2024-06-29,Canon R5,Accessories,2747.21,3
ORD-01793,2024-11-29,Canon R5,Accessories,1174.59,2
ORD-01794,2023-10-27,Canon R5,Electronics,3410.56,3
ORD-01795,2024-12-15,Sony WH-1000,Electronics,1177.8,2
ORD-01796,2023-02-16,Nikon Z6,Electronics,1135.94,1
ORD-01797,2023-04-18,Samsung S24,Accessories,1850.06,5
ORD-01798,2024-05-01,Canon R5,Camera,308.39,2
ORD-01799,2023-06-10,DJI Mini 4,Accessories,5907.15,3
ORD-01800,2023-09-01,iPad Air,Accessories,775.91,2
ORD-01801,2023-10-02,Nikon Z6,Camera,3197.73,2
ORD-01802,2024-12-02,Nikon Z6,Camera,606.43,5
ORD-01803,2023-09-26,Dell XPS 13,Accessories,3620.93,2
ORD-01804,2023-05-07,MacBook Pro,Accessories,3973.09,4
ORD-01805,2024-07-09,Dell XPS 13,Camera,3062.52,5
ORD-01806,2023-11-14,Samsung S24,Accessories,3082.22,3
ORD-01807,2024-09-11,Sony WH-1000,Camera,1107.97,1
ORD-01808,2024-09-22,iPad Air,Electronics,2893.73,4
ORD-01809,2023-03-19,Sony WH-1000,Accessories,2463.28,4
ORD-01810,2023-07-19,Galaxy Tab,Camera,3029.5,3
ORD-01811,2023-01-20,DJI Mini 4,Electronics,366.87,2
ORD-01812,2024-08-14,Sony WH-1000,Camera,5281.73,4
ORD-01813,2024-06-09,Canon R5,Accessories,1069.26,2
ORD-01814,2024-05-26,Sony WH-1000,Electronics,1824.57,3
ORD-01815,2023-08-25,Nikon Z6,Electronics,2917.91,2
ORD-01816,2024-12-29,Nikon Z6,Accessories,590.19,2
ORD-01817,2023-11-07,Galaxy Tab,Electronics,1071.94,2
ORD-01818,2024-03-24,Sony WH-1000,Camera,1842.45,1
ORD-01819,2024-11-03,iPad Air,Electronics,1204.43,4
ORD-01820,2023-08-14,DJI Mini 4,Camera,427.71,1
ORD-01821,2024-01-13,Galaxy Tab,Accessories,578.65,1
ORD-01822,2023-05-10,DJI Mini 4,Accessories,1464.42,1
ORD-01823,2023-04-30,Sony WH-1000,Accessories,125.49,1
ORD-01824,2023-09-25,Samsung S24,Accessories,1174.25,1
ORD-01825,2024-01-07,Sony WH-1000,Electronics,8588.75,5
ORD-01826,2023-06-17,Samsung S24,Camera,1947.93,5
ORD-01827,2023-04-21,Dell XPS 13,Accessories,2060.09,4
ORD-01828,2024-09-10,iPhone 15,Accessories,3915.28,3
ORD-01829,2023-09-10,Dell XPS 13,Electronics,6635.13,4
ORD-01830,2023-08-29,Nikon Z6,Electronics,6583.03,5
ORD-01831,2024-09-15,Canon R5,Accessories,7215.74,5
ORD-01832,2023-07-17,iPad Air,Electronics,7031.08,5
ORD-01833,2023-11-21,iPhone 15,Camera,2433.64,2
ORD-01834,2024-05-28,Canon R5,Electronics,620.78,2
ORD-01835,2023-07-09,DJI Mini 4,Electronics,1696.72,1
ORD-01836,2024-04-07,Sony WH-1000,Electronics,1007.22,1
ORD-01837,2023-11-08,Samsung S24,Accessories,1392.4,2
ORD-01838,2023-05-15,DJI Mini 4,Electronics,3760.24,4
ORD-01839,2023-02-08,MacBook Pro,Camera,6915.26,4
ORD-01840,2023-09-05,Samsung S24,Camera,2248.48,4
ORD-01841,2024-05-01,Nikon Z6,Electronics,1457.68,1
ORD-01842,2023-12-03,Dell XPS 13,Accessories,1254.76,1
ORD-01843,2024-11-11,DJI Mini 4,Electronics,1824.22,2
ORD-01844,2023-04-26,Sony WH-1000,Electronics,5201.12,5
ORD-01845,2023-06-11,Sony WH-1000,Accessories,830.78,1
ORD-01846,2024-10-10,Canon R5,Electronics,842.36,3
ORD-01847,2023-06-04,MacBook Pro,Camera,1602.64,1
ORD-01848,2023-04-14,Samsung S24,Camera,9499.96,5
ORD-01849,2024-10-06,DJI Mini 4,Electronics,1971.66,4
ORD-01850,2024-03-18,Dell XPS 13,Accessories,1121.56,1
ORD-01851,2024-07-12,Nikon Z6,Camera,2243.75,3
ORD-01852,2023-03-28,DJI Mini 4,Accessories,1886.06,2
ORD-01853,2023-10-10,DJI Mini 4,Accessories,269.29,1
ORD-01854,2023-11-25,iPad Air,Camera,1889.26,1
ORD-01855,2023-12-29,Nikon Z6,Electronics,1056.45,4
ORD-01856,2023-12-02,DJI Mini 4,Camera,4431.3,4
ORD-01857,2023-12-29,DJI Mini 4,Accessories,7615.34,5
ORD-01858,2024-08-21,Samsung S24,Accessories,273.38,2
ORD-01859,2023-02-21,iPad Air,Camera,1854.73,3
ORD-01860,2023-10-02,MacBook Pro,Accessories,3810.86,3
ORD-01861,2023-10-30,Nikon Z6,Camera,270.88,2
ORD-01862,2023-03-06,Dell XPS 13,Electronics,6024.39,5
ORD-01863,2024-10-29,MacBook Pro,Camera,4736.1,5
ORD-01864,2024-10-26,iPhone 15,Camera,3987.2,4
ORD-01865,2023-11-02,Samsung S24,Camera,5493.11,4
ORD-01866,2023-02-04,Nikon Z6,Camera,3781.66,5
ORD-01867,2024-08-06,Nikon Z6,Accessories,2174.7,5
ORD-01868,2023-10-10,MacBook Pro,Accessories,5147.95,4
ORD-01869,2023-01-09,Nikon Z6,Electronics,1478.5,1
ORD-01870,2023-01-31,Samsung S24,Accessories,2745.72,4
ORD-01871,2024-09-27,iPad Air,Accessories,4770.17,4
ORD-01872,2023-04-29,Samsung S24,Electronics,996.76,1
ORD-01873,2024-04-16,Samsung S24,Camera,1966.43,5
ORD-01874,2024-10-21,Samsung S24,Accessories,893.92,1
ORD-01875,2024-05-24,Galaxy Tab,Electronics,2703.15,5
ORD-01876,2024-11-21,Dell XPS 13,Electronics,7208.96,4
ORD-01877,2023-03-09,Nikon Z6,Electronics,1134.63,4
ORD-01878,2024-08-03,Sony WH-1000,Electronics,401.64,1
ORD-01879,2023-02-13,Sony WH-1000,Camera,3992.8,3
ORD-01880,2023-11-16,Canon R5,Camera,3510.55,2
ORD-01881,2023-04-12,DJI Mini 4,Electronics,1246.7,4
ORD-01882,2023-03-19,Galaxy Tab,Accessories,4916.13,4
ORD-01883,2024-01-25,Sony WH-1000,Electronics,1353.45,5
ORD-01884,2024-05-30,iPhone 15,Accessories,2830.93,2
ORD-01885,2024-12-19,Dell XPS 13,Camera,1954.29,1
ORD-01886,2024-12-10,Sony WH-1000,Accessories,395.1,2
ORD-01887,2023-10-28,iPhone 15,Camera,3262.17,3
ORD-01888,2024-08-16,Sony WH-1000,Electronics,1526.12,5
ORD-01889,2023-04-05,Galaxy Tab,Electronics,1515.51,1
ORD-01890,2024-10-11,Canon R5,Electronics,1089.98,5
ORD-01891,2024-01-17,DJI Mini 4,Accessories,935.7,1
ORD-01892,2023-03-31,Dell XPS 13,Camera,1975.1,1
ORD-01893,2023-02-02,MacBook Pro,Camera,4242.68,5
ORD-01894,2024-12-24,Sony WH-1000,Electronics,1588.17,3
ORD-01895,2024-11-07,iPhone 15,Accessories,1212.65,1
ORD-01896,2023-10-03,Canon R5,Electronics,1396.14,3
ORD-01897,2023-09-25,MacBook Pro,Camera,5982.17,3
ORD-01898,2024-08-03,DJI Mini 4,Accessories,1652.32,2
ORD-01899,2023-02-16,Dell XPS 13,Electronics,1339.68,1
ORD-01900,2024-06-25,Nikon Z6,Camera,1901.64,3
ORD-01901,2024-02-14,iPad Air,Camera,2973.2,4
ORD-01902,2024-11-25,Nikon Z6,Camera,4995.54,4
ORD-01903,2023-06-09,Nikon Z6,Electronics,687.78,5
ORD-01904,2023-05-31,Dell XPS 13,Camera,4687.88,5
ORD-01905,2024-03-05,DJI Mini 4,Electronics,1941.81,2
ORD-01906,2023-06-20,Nikon Z6,Camera,5939.91,3
ORD-01907,2024-11-11,iPhone 15,Electronics,420.55,2
ORD-01908,2023-02-21,Galaxy Tab,Camera,369.88,1
ORD-01909,2024-11-06,Nikon Z6,Camera,1157.91,1
ORD-01910,2023-11-02,iPhone 15,Accessories,5807.69,3
ORD-01911,2023-12-30,DJI Mini 4,Camera,513.66,3
ORD-01912,2023-07-08,Canon R5,Camera,5107.92,5
ORD-01913,2023-08-25,Samsung S24,Accessories,726.72,5
ORD-01914,2024-09-09,Galaxy Tab,Accessories,3821.15,4
ORD-01915,2024-04-13,MacBook Pro,Camera,675.95,4
ORD-01916,2023-06-30,Samsung S24,Electronics,3533.19,4
ORD-01917,2024-09-01,Sony WH-1000,Camera,1510.27,1
ORD-01918,2024-02-26,Nikon Z6,Accessories,9104.02,5
ORD-01919,2023-07-30,iPad Air,Camera,3703.83,4
ORD-01920,2023-12-14,Samsung S24,Electronics,3129.2,2
ORD-01921,2023-08-26,iPad Air,Electronics,4129.29,3
ORD-01922,2023-11-28,Samsung S24,Camera,3090.23,5
ORD-01923,2023-10-22,Canon R5,Accessories,3559.54,5
ORD-01924,2024-03-31,Samsung S24,Electronics,1133.22,2
ORD-01925,2024-04-29,MacBook Pro,Accessories,4397.53,3
ORD-01926,2024-03-25,Samsung S24,Electronics,3277.0,2
ORD-01927,2024-03-29,DJI Mini 4,Camera,1193.64,2
ORD-01928,2023-02-12,MacBook Pro,Accessories,3154.68,2
ORD-01929,2023-05-18,Samsung S24,Camera,1336.33,2
ORD-01930,2023-04-22,iPad Air,Electronics,7413.16,4
ORD-01931,2023-11-17,Dell XPS 13,Camera,2672.71,4
ORD-01932,2023-06-15,Galaxy Tab,Camera,5382.01,3
ORD-01933,2024-09-29,iPad Air,Accessories,2867.73,4
ORD-01934,2024-12-21,iPhone 15,Accessories,4370.84,5
ORD-01935,2023-12-21,Canon R5,Accessories,3026.18,2
ORD-01936,2024-01-17,Samsung S24,Accessories,4966.73,4
ORD-01937,2023-04-09,iPad Air,Electronics,2555.46,2
ORD-01938,2023-02-18,iPhone 15,Electronics,597.32,1
ORD-01939,2023-11-20,Canon R5,Electronics,5589.15,5
ORD-01940,2023-02-04,Canon R5,Camera,1235.54,1
ORD-01941,2023-12-08,iPhone 15,Accessories,7094.82,4
ORD-01942,2023-11-28,Sony WH-1000,Accessories,4900.81,3
ORD-01943,2024-01-10,Samsung S24,Electronics,3611.4,2
ORD-01944,2023-03-27,iPad Air,Camera,1977.02,2
ORD-01945,2024-08-10,Galaxy Tab,Camera,3680.73,4
ORD-01946,2024-06-13,iPhone 15,Camera,214.51,1
ORD-01947,2023-06-12,iPad Air,Camera,3156.27,4
ORD-01948,2024-04-28,Galaxy Tab,Camera,3098.25,4
ORD-01949,2023-05-26,Nikon Z6,Accessories,5758.52,5
ORD-01950,2024-03-30,iPhone 15,Camera,866.8,2
ORD-01951,2024-12-16,iPad Air,Accessories,3202.11,4
ORD-01952,2023-05-16,MacBook Pro,Electronics,1110.6,1
ORD-01953,2023-04-16,Samsung S24,Camera,918.06,1
ORD-01954,2023-06-24,MacBook Pro,Electronics,882.0,5
ORD-01955,2024-02-20,Galaxy Tab,Camera,962.12,4
ORD-01956,2024-06-15,Canon R5,Electronics,466.79,1
ORD-01957,2024-09-12,iPad Air,Camera,9982.67,5
ORD-01958,2024-09-15,iPhone 15,Camera,1065.07,1
ORD-01959,2024-09-16,Galaxy Tab,Accessories,2327.84,3
ORD-01960,2023-04-18,Dell XPS 13,Accessories,2342.71,5
ORD-01961,2023-03-14,Nikon Z6,Camera,892.14,1
ORD-01962,2024-08-19,iPhone 15,Electronics,2961.41,2
ORD-01963,2024-01-19,iPhone 15,Camera,1858.17,1
ORD-01964,2023-07-29,Nikon Z6,Electronics,966.46,5
ORD-01965,2023-01-23,Dell XPS 13,Electronics,8428.78,5
ORD-01966,2023-08-18,DJI Mini 4,Camera,4558.67,4
ORD-01967,2024-10-23,Canon R5,Camera,394.25,1
ORD-01968,2023-12-13,Sony WH-1000,Electronics,2881.55,4
ORD-01969,2023-02-15,Canon R5,Accessories,744.73,1
ORD-01970,2023-04-26,Nikon Z6,Accessories,1710.05,1
ORD-01971,2024-04-18,Galaxy Tab,Accessories,4206.32,5
ORD-01972,2023-05-07,Galaxy Tab,Camera,703.65,5
ORD-01973,2023-03-06,Sony WH-1000,Electronics,421.46,2
ORD-01974,2023-06-29,Samsung S24,Accessories,4993.72,3
ORD-01975,2023-07-07,Galaxy Tab,Accessories,415.6,2
ORD-01976,2024-08-30,Dell XPS 13,Camera,873.88,1
ORD-01977,2023-01-29,MacBook Pro,Accessories,2118.3,5
ORD-01978,2024-10-21,MacBook Pro,Camera,2882.46,2
ORD-01979,2023-02-12,DJI Mini 4,Camera,1908.08,2
ORD-01980,2023-11-29,iPhone 15,Camera,491.54,2
ORD-01981,2023-02-20,Sony WH-1000,Camera,1553.87,2
ORD-01982,2024-02-28,Samsung S24,Accessories,859.3,2
ORD-01983,2023-08-23,DJI Mini 4,Camera,9055.12,5
ORD-01984,2023-03-03,Sony WH-1000,Camera,8916.25,5
ORD-01985,2023-10-01,DJI Mini 4,Electronics,3924.41,2
ORD-01986,2024-07-30,DJI Mini 4,Electronics,1742.67,3
ORD-01987,2023-08-04,iPhone 15,Camera,1494.18,4
ORD-01988,2023-05-18,iPad Air,Camera,1495.76,2
ORD-01989,2024-01-26,MacBook Pro,Camera,1465.45,1
ORD-01990,2023-01-16,Sony WH-1000,Accessories,5095.77,4
ORD-01991,2024-12-19,Nikon Z6,Camera,3551.58,2
ORD-01992,2024-07-10,Sony WH-1000,Accessories,7497.22,4
ORD-01993,2023-05-30,DJI Mini 4,Electronics,1697.62,1
ORD-01994,2024-06-09,Canon R5,Electronics,3237.72,3
ORD-01995,2024-08-21,Samsung S24,Accessories,6928.56,4
ORD-01996,2023-09-10,Nikon Z6,Accessories,2197.33,2
ORD-01997,2024-01-29,Nikon Z6,Camera,4453.37,3
ORD-01998,2024-05-27,Sony WH-1000,Electronics,5969.93,3
ORD-01999,2023-12-01,Canon R5,Electronics,5540.0,5
ORD-02000,2023-11-02,Dell XPS 13,Accessories,7939.6,5
ORD-02001,2024-02-12,Dell XPS 13,Electronics,9544.51,5
ORD-02002,2023-11-14,iPad Air,Electronics,3577.91,5
ORD-02003,2024-01-16,Galaxy Tab,Accessories,639.2,1
ORD-02004,2023-05-12,Dell XPS 13,Electronics,3936.43,2
ORD-02005,2023-10-15,Galaxy Tab,Camera,485.11,1
ORD-02006,2024-06-26,Samsung S24,Accessories,5472.12,4
ORD-02007,2024-10-24,iPhone 15,Accessories,2724.67,3
ORD-02008,2024-10-08,Galaxy Tab,Electronics,8016.86,5
ORD-02009,2024-06-11,iPhone 15,Accessories,5937.63,4
ORD-02010,2023-09-19,Nikon Z6,Accessories,3952.28,5
ORD-02011,2023-01-27,iPad Air,Electronics,626.13,1
ORD-02012,2023-02-22,Canon R5,Camera,1136.63,1
ORD-02013,2024-05-06,iPhone 15,Accessories,7616.03,4
ORD-02014,2024-09-27,Canon R5,Electronics,4588.32,4
ORD-02015,2024-08-26,Galaxy Tab,Electronics,493.13,3
ORD-02016,2024-11-19,Dell XPS 13,Camera,245.73,2
ORD-02017,2024-12-17,Nikon Z6,Camera,825.47,1
ORD-02018,2023-03-15,iPad Air,Accessories,229.08,1
ORD-02019,2023-11-26,iPad Air,Camera,3961.91,4
ORD-02020,2024-11-10,Canon R5,Accessories,2016.25,5
ORD-02021,2023-09-23,MacBook Pro,Camera,4264.22,3
ORD-02022,2024-06-10,Nikon Z6,Electronics,1723.94,1
ORD-02023,2024-06-18,Dell XPS 13,Accessories,2901.29,2
ORD-02024,2024-11-20,Dell XPS 13,Camera,1277.97,1
ORD-02025,2023-03-18,Nikon Z6,Electronics,4473.15,4
ORD-02026,2023-09-28,Canon R5,Camera,967.6,3
ORD-02027,2023-12-08,Samsung S24,Accessories,3123.49,2
ORD-02028,2024-04-20,DJI Mini 4,Electronics,3875.28,5
ORD-02029,2023-09-01,MacBook Pro,Camera,4422.32,5
ORD-02030,2023-03-11,iPhone 15,Accessories,1599.67,3
ORD-02031,2023-09-29,Nikon Z6,Accessories,1017.93,2
ORD-02032,2023-06-11,MacBook Pro,Accessories,2913.29,4
ORD-02033,2023-09-09,Galaxy Tab,Camera,9607.83,5
ORD-02034,2023-10-26,iPhone 15,Camera,3654.05,2
ORD-02035,2024-02-28,MacBook Pro,Electronics,9710.71,5
ORD-02036,2023-10-16,Dell XPS 13,Electronics,5590.96,3
ORD-02037,2024-12-22,Samsung S24,Accessories,1204.99,1
ORD-02038,2023-12-03,Samsung S24,Electronics,1582.54,2
ORD-02039,2023-10-23,DJI Mini 4,Electronics,1994.03,3
ORD-02040,2024-08-23,iPad Air,Accessories,5557.41,4
ORD-02041,2023-12-11,Nikon Z6,Electronics,6347.12,4
ORD-02042,2023-05-21,Sony WH-1000,Electronics,432.42,2
ORD-02043,2023-05-18,iPad Air,Camera,1913.58,3
ORD-02044,2024-04-15,Samsung S24,Accessories,384.25,2
ORD-02045,2023-11-16,Dell XPS 13,Electronics,2183.12,4
ORD-02046,2024-06-09,DJI Mini 4,Electronics,2500.61,2
ORD-02047,2024-08-07,iPhone 15,Camera,4132.02,5
ORD-02048,2023-09-30,iPad Air,Camera,5860.4,3
ORD-02049,2024-01-19,Galaxy Tab,Accessories,9614.27,5
ORD-02050,2024-05-29,iPhone 15,Electronics,313.51,1
ORD-02051,2023-01-08,DJI Mini 4,Camera,8558.97,5
ORD-02052,2024-11-13,iPhone 15,Camera,294.27,1
ORD-02053,2023-08-20,Dell XPS 13,Electronics,1292.13,5
ORD-02054,2024-02-10,Nikon Z6,Electronics,3588.45,2
ORD-02055,2024-04-24,Sony WH-1000,Accessories,6038.58,5
ORD-02056,2024-12-16,Galaxy Tab,Accessories,5333.61,4
ORD-02057,2023-04-26,Nikon Z6,Electronics,1346.18,3
ORD-02058,2024-07-28,iPad Air,Camera,5963.66,3
ORD-02059,2023-05-05,Canon R5,Camera,2591.1,5
ORD-02060,2024-10-31,Canon R5,Camera,1617.72,2
ORD-02061,2023-03-31,DJI Mini 4,Camera,6596.76,4
ORD-02062,2023-03-13,Samsung S24,Electronics,1789.11,1
ORD-02063,2023-07-03,Canon R5,Accessories,9059.8,5
ORD-02064,2023-05-11,iPad Air,Camera,1826.21,2
ORD-02065,2023-02-02,Nikon Z6,Electronics,3623.85,3
ORD-02066,2023-01-19,Sony WH-1000,Camera,530.45,1
ORD-02067,2023-12-03,Galaxy Tab,Electronics,2800.48,3
ORD-02068,2023-05-02,iPad Air,Accessories,446.71,2
ORD-02069,2024-08-14,Dell XPS 13,Camera,1954.18,1
ORD-02070,2023-05-13,Canon R5,Camera,2171.63,5
ORD-02071,2023-12-07,MacBook Pro,Camera,789.86,2
ORD-02072,2023-11-11,Samsung S24,Electronics,561.22,1
ORD-02073,2023-02-15,iPad Air,Electronics,2021.11,3
ORD-02074,2024-10-17,MacBook Pro,Accessories,6336.84,4
ORD-02075,2024-04-16,iPhone 15,Accessories,3348.05,2
ORD-02076,2024-09-10,MacBook Pro,Camera,1956.17,1
ORD-02077,2023-08-04,Galaxy Tab,Electronics,2458.22,4
ORD-02078,2023-06-21,Nikon Z6,Accessories,881.39,3
ORD-02079,2023-07-25,DJI Mini 4,Electronics,2492.47,3
ORD-02080,2024-10-20,Samsung S24,Accessories,3532.5,2
ORD-02081,2024-10-30,iPad Air,Accessories,4589.12,5
ORD-02082,2023-07-20,iPhone 15,Electronics,484.93,3
ORD-02083,2024-08-18,Dell XPS 13,Camera,1869.62,4
ORD-02084,2024-12-22,iPad Air,Accessories,2606.95,3
ORD-02085,2023-03-03,Canon R5,Camera,1858.93,1
ORD-02086,2023-07-16,Canon R5,Camera,1178.85,2
ORD-02087,2023-05-17,iPad Air,Accessories,218.3,1
ORD-02088,2024-04-26,Dell XPS 13,Electronics,4798.06,3
ORD-02089,2024-05-08,iPhone 15,Electronics,5035.77,3
ORD-02090,2023-12-30,Dell XPS 13,Camera,3453.52,2
ORD-02091,2023-07-01,Canon R5,Accessories,1973.15,2
ORD-02092,2024-02-21,Dell XPS 13,Electronics,1105.52,5
ORD-02093,2023-12-19,iPad Air,Electronics,1606.09,5
ORD-02094,2024-03-15,Galaxy Tab,Camera,6887.06,4
ORD-02095,2023-03-24,Samsung S24,Accessories,451.41,4
ORD-02096,2023-10-02,MacBook Pro,Electronics,1344.05,2
ORD-02097,2023-05-04,iPad Air,Electronics,2465.44,3
ORD-02098,2024-05-21,Nikon Z6,Accessories,1799.79,1
ORD-02099,2023-04-25,Nikon Z6,Camera,3166.74,2
ORD-02100,2023-11-04,DJI Mini 4,Accessories,1269.23,1
ORD-02101,2024-04-02,Dell XPS 13,Camera,1390.15,4
ORD-02102,2023-03-21,iPhone 15,Accessories,480.97,1
ORD-02103,2023-05-27,Canon R5,Electronics,6499.76,5
ORD-02104,2023-12-21,Canon R5,Camera,5873.9,4
ORD-02105,2023-08-21,Canon R5,Camera,4243.45,5
ORD-02106,2024-04-17,Nikon Z6,Accessories,3404.44,4
ORD-02107,2024-01-07,iPad Air,Electronics,1727.06,1
ORD-02108,2023-04-26,Dell XPS 13,Camera,1689.09,4
ORD-02109,2023-12-04,Dell XPS 13,Electronics,671.92,4
ORD-02110,2023-08-18,MacBook Pro,Accessories,5958.94,4
ORD-02111,2024-01-25,Nikon Z6,Accessories,1560.59,1
ORD-02112,2023-08-08,Sony WH-1000,Electronics,1403.55,3
ORD-02113,2024-03-06,DJI Mini 4,Accessories,1430.55,2
ORD-02114,2024-07-03,iPad Air,Electronics,4075.24,3
ORD-02115,2023-09-14,iPad Air,Accessories,4527.07,4
ORD-02116,2023-11-02,Nikon Z6,Accessories,9734.18,5
ORD-02117,2023-06-14,Galaxy Tab,Accessories,6643.89,4
ORD-02118,2023-02-20,iPhone 15,Camera,5349.95,4
ORD-02119,2024-05-22,Canon R5,Camera,220.43,1
ORD-02120,2023-02-09,Dell XPS 13,Accessories,1280.19,2
ORD-02121,2023-02-03,Samsung S24,Electronics,1777.78,5
ORD-02122,2024-11-12,iPad Air,Electronics,4110.87,4
ORD-02123,2024-02-10,DJI Mini 4,Electronics,2415.19,2
ORD-02124,2023-10-27,DJI Mini 4,Electronics,2106.6,2
ORD-02125,2023-06-20,iPad Air,Electronics,1090.63,2
ORD-02126,2023-06-24,iPad Air,Camera,5968.28,3
ORD-02127,2023-03-05,Sony WH-1000,Electronics,969.76,1
ORD-02128,2024-04-01,iPhone 15,Accessories,2682.17,4
ORD-02129,2024-07-05,iPhone 15,Electronics,324.94,1
ORD-02130,2024-03-21,Samsung S24,Accessories,789.65,2
ORD-02131,2024-12-06,Samsung S24,Accessories,1650.82,3
ORD-02132,2023-01-29,MacBook Pro,Electronics,5362.52,4
ORD-02133,2024-06-18,Sony WH-1000,Electronics,5493.73,3
ORD-02134,2023-07-08,Samsung S24,Accessories,4107.94,5
ORD-02135,2023-04-10,DJI Mini 4,Accessories,2437.44,5
ORD-02136,2024-11-10,MacBook Pro,Camera,3817.23,3
ORD-02137,2024-11-11,Nikon Z6,Electronics,3532.08,5
ORD-02138,2024-07-14,Canon R5,Camera,446.56,2
ORD-02139,2024-01-05,iPad Air,Accessories,5773.08,5
ORD-02140,2023-08-26,Canon R5,Camera,7429.56,5
ORD-02141,2024-05-10,Samsung S24,Accessories,1504.4,1
ORD-02142,2023-03-26,Nikon Z6,Camera,812.95,2
ORD-02143,2023-12-12,MacBook Pro,Camera,737.58,1
ORD-02144,2023-01-06,MacBook Pro,Camera,1213.77,5
ORD-02145,2023-12-28,iPad Air,Accessories,4502.47,5
ORD-02146,2024-09-23,Canon R5,Camera,797.45,1
ORD-02147,2024-08-02,MacBook Pro,Accessories,5152.73,4
ORD-02148,2023-03-08,Galaxy Tab,Electronics,1688.34,3
ORD-02149,2023-04-25,Samsung S24,Electronics,804.12,2
ORD-02150,2023-06-01,iPad Air,Camera,1721.09,1
ORD-02151,2024-04-05,Sony WH-1000,Accessories,947.54,4
ORD-02152,2023-09-07,DJI Mini 4,Accessories,3020.76,4
ORD-02153,2023-10-16,MacBook Pro,Electronics,582.04,2
ORD-02154,2023-07-23,Canon R5,Accessories,4859.24,5
ORD-02155,2024-10-21,Canon R5,Camera,1452.05,1
ORD-02156,2023-08-11,Sony WH-1000,Electronics,648.23,4
ORD-02157,2023-07-19,Nikon Z6,Electronics,4866.35,4
ORD-02158,2023-12-11,Nikon Z6,Electronics,1042.87,1
ORD-02159,2023-06-29,DJI Mini 4,Camera,459.99,2
ORD-02160,2023-02-14,Galaxy Tab,Electronics,1506.33,3
ORD-02161,2024-12-01,Nikon Z6,Accessories,1408.17,4
ORD-02162,2023-12-08,iPad Air,Electronics,7928.03,4
ORD-02163,2023-01-13,Canon R5,Electronics,2666.8,2
ORD-02164,2024-01-30,iPhone 15,Camera,4446.72,5
ORD-02165,2023-03-08,Canon R5,Camera,1898.09,4
ORD-02166,2023-02-19,MacBook Pro,Electronics,558.82,2
ORD-02167,2024-05-19,Galaxy Tab,Accessories,4080.05,3
ORD-02168,2024-01-04,DJI Mini 4,Accessories,447.93,4
ORD-02169,2024-01-10,MacBook Pro,Camera,4992.26,5
ORD-02170,2023-06-05,Samsung S24,Camera,3294.38,2
ORD-02171,2023-01-31,iPad Air,Electronics,7995.68,4
ORD-02172,2023-04-19,Samsung S24,Camera,1537.83,2
ORD-02173,2023-12-08,Samsung S24,Accessories,2700.12,4
ORD-02174,2024-01-01,iPad Air,Electronics,5520.83,4
ORD-02175,2024-06-08,Dell XPS 13,Camera,5133.46,3
ORD-02176,2023-01-09,MacBook Pro,Camera,3213.16,5
ORD-02177,2023-05-31,Nikon Z6,Accessories,4228.93,4
ORD-02178,2023-07-03,Canon R5,Accessories,2857.9,5
ORD-02179,2023-10-19,iPhone 15,Accessories,7013.52,4
ORD-02180,2023-01-21,MacBook Pro,Camera,2378.96,2
ORD-02181,2023-03-08,Nikon Z6,Electronics,718.79,2
ORD-02182,2024-02-02,Sony WH-1000,Accessories,2769.04,2
ORD-02183,2023-08-25,iPad Air,Electronics,1789.86,3
ORD-02184,2023-09-29,Sony WH-1000,Electronics,117.12,1
ORD-02185,2024-07-15,iPad Air,Electronics,445.91,2
ORD-02186,2023-08-17,Sony WH-1000,Accessories,1565.09,1
ORD-02187,2024-02-16,Galaxy Tab,Accessories,6464.18,4
ORD-02188,2023-07-22,MacBook Pro,Camera,2424.46,5
ORD-02189,2023-02-21,iPhone 15,Electronics,849.81,2
ORD-02190,2023-05-19,MacBook Pro,Electronics,2192.93,3
ORD-02191,2024-05-27,MacBook Pro,Camera,1575.23,1
ORD-02192,2023-01-12,iPad Air,Camera,528.01,1
ORD-02193,2023-06-17,iPad Air,Camera,3140.02,2
ORD-02194,2023-11-07,Samsung S24,Accessories,3225.88,2
ORD-02195,2023-05-26,iPad Air,Camera,1910.95,4
ORD-02196,2024-01-19,Canon R5,Accessories,1794.55,1
ORD-02197,2024-01-06,iPad Air,Camera,1849.71,3
ORD-02198,2023-05-27,Nikon Z6,Electronics,6198.27,4
ORD-02199,2024-06-12,iPad Air,Electronics,3715.45,2
ORD-02200,2023-08-16,DJI Mini 4,Camera,5170.6,4
ORD-02201,2023-05-19,iPhone 15,Electronics,7910.02,4
ORD-02202,2023-04-19,Nikon Z6,Electronics,645.9,3
ORD-02203,2023-08-05,Sony WH-1000,Accessories,2333.79,3
ORD-02204,2023-01-03,iPad Air,Camera,7274.19,4
ORD-02205,2023-02-02,Galaxy Tab,Camera,1461.11,1
ORD-02206,2023-02-14,Samsung S24,Accessories,2629.71,2
ORD-02207,2023-02-01,iPad Air,Accessories,1086.76,3
ORD-02208,2024-03-05,Canon R5,Camera,1314.09,1
ORD-02209,2024-05-23,Sony WH-1000,Electronics,5860.12,4
ORD-02210,2023-01-08,Samsung S24,Accessories,283.26,1
ORD-02211,2024-05-21,Sony WH-1000,Camera,7856.19,4
ORD-02212,2023-04-28,iPhone 15,Accessories,3552.28,5
ORD-02213,2023-08-07,Galaxy Tab,Electronics,2582.03,2
ORD-02214,2023-07-06,MacBook Pro,Electronics,1985.45,1
ORD-02215,2023-11-27,DJI Mini 4,Electronics,750.99,3
ORD-02216,2023-06-04,DJI Mini 4,Accessories,476.69,1
ORD-02217,2023-03-04,MacBook Pro,Camera,4632.89,4
ORD-02218,2023-10-17,Samsung S24,Accessories,3645.84,5
ORD-02219,2023-11-26,Sony WH-1000,Accessories,7760.18,4
ORD-02220,2024-08-24,Galaxy Tab,Electronics,4793.3,3
ORD-02221,2024-05-24,Sony WH-1000,Electronics,2723.12,2
ORD-02222,2023-09-08,Nikon Z6,Camera,1913.26,4
ORD-02223,2023-12-17,iPhone 15,Camera,2288.52,2
ORD-02224,2023-07-15,Samsung S24,Electronics,1445.32,2
ORD-02225,2024-02-12,Sony WH-1000,Accessories,7825.87,4
ORD-02226,2023-02-16,Canon R5,Camera,7231.55,4
ORD-02227,2023-10-22,iPad Air,Accessories,1098.6,4
ORD-02228,2024-07-04,DJI Mini 4,Electronics,2128.96,3
ORD-02229,2024-06-19,iPad Air,Camera,970.15,2
ORD-02230,2023-06-22,Nikon Z6,Camera,1566.81,3
ORD-02231,2024-02-01,Samsung S24,Camera,891.99,2
ORD-02232,2024-06-01,Nikon Z6,Accessories,3402.97,4
ORD-02233,2023-05-10,Dell XPS 13,Electronics,346.53,1
ORD-02234,2023-03-15,MacBook Pro,Electronics,1154.3,2
ORD-02235,2024-09-22,DJI Mini 4,Accessories,3986.88,5
ORD-02236,2024-10-19,iPhone 15,Camera,2283.95,3
ORD-02237,2023-07-18,Sony WH-1000,Accessories,5220.51,3
ORD-02238,2023-06-05,Sony WH-1000,Electronics,2704.74,4
ORD-02239,2024-02-10,Canon R5,Electronics,4423.11,3
ORD-02240,2023-02-04,iPhone 15,Camera,7589.53,4
ORD-02241,2023-12-14,iPad Air,Electronics,3291.81,4
ORD-02242,2024-11-04,iPhone 15,Camera,2960.72,5
ORD-02243,2023-03-10,Dell XPS 13,Camera,4857.92,4
ORD-02244,2024-10-16,Galaxy Tab,Accessories,1379.72,1
ORD-02245,2023-06-25,Sony WH-1000,Accessories,3866.75,3
ORD-02246,2024-07-29,Samsung S24,Accessories,5792.04,3
ORD-02247,2023-05-30,Galaxy Tab,Electronics,3352.3,3
ORD-02248,2023-12-13,Canon R5,Camera,2577.84,4
ORD-02249,2024-07-20,MacBook Pro,Camera,1490.63,2
ORD-02250,2023-03-20,iPhone 15,Electronics,308.42,1
ORD-02251,2024-10-12,MacBook Pro,Camera,5500.57,4
ORD-02252,2023-11-12,iPhone 15,Camera,4753.67,3
ORD-02253,2023-11-23,Canon R5,Camera,5089.92,5
ORD-02254,2024-06-21,iPad Air,Camera,1027.63,1
ORD-02255,2023-03-28,Nikon Z6,Electronics,4350.42,3
ORD-02256,2023-03-24,iPhone 15,Electronics,630.55,1
ORD-02257,2024-07-30,iPhone 15,Accessories,1680.44,1
ORD-02258,2023-11-30,DJI Mini 4,Accessories,823.78,5
ORD-02259,2023-06-12,Samsung S24,Camera,2500.79,2
ORD-02260,2024-09-11,iPhone 15,Camera,5028.26,3
ORD-02261,2023-10-13,Canon R5,Electronics,377.32,1
ORD-02262,2024-11-27,iPad Air,Electronics,2198.79,4
ORD-02263,2023-09-12,MacBook Pro,Camera,1332.78,2
ORD-02264,2023-01-19,Dell XPS 13,Accessories,343.95,1
ORD-02265,2024-12-01,MacBook Pro,Electronics,6647.51,4
ORD-02266,2024-07-29,Galaxy Tab,Accessories,1447.9,5
ORD-02267,2024-08-20,iPad Air,Accessories,6066.55,5
ORD-02268,2023-08-22,Samsung S24,Electronics,5924.94,4
ORD-02269,2024-06-19,Nikon Z6,Camera,1011.84,4
ORD-02270,2023-11-30,Samsung S24,Electronics,1426.86,1
ORD-02271,2024-04-23,MacBook Pro,Camera,3953.48,4
ORD-02272,2023-11-02,Dell XPS 13,Accessories,4878.15,4
ORD-02273,2024-01-16,MacBook Pro,Electronics,2622.32,2
ORD-02274,2023-08-03,DJI Mini 4,Accessories,2572.93,5
ORD-02275,2024-07-12,Sony WH-1000,Electronics,1387.61,1
ORD-02276,2024-02-08,Samsung S24,Accessories,4963.4,3
ORD-02277,2024-07-13,Dell XPS 13,Accessories,7816.12,5
ORD-02278,2023-08-22,DJI Mini 4,Accessories,1945.06,1
ORD-02279,2024-10-03,Sony WH-1000,Electronics,2213.91,4
ORD-02280,2023-12-14,Dell XPS 13,Accessories,3651.82,3
ORD-02281,2023-09-18,Dell XPS 13,Electronics,2553.51,2
ORD-02282,2023-05-21,Samsung S24,Accessories,2148.2,2
ORD-02283,2024-06-24,DJI Mini 4,Camera,1376.86,1
ORD-02284,2023-09-08,DJI Mini 4,Electronics,1083.97,2
ORD-02285,2023-07-11,Sony WH-1000,Camera,3074.3,4
ORD-02286,2024-10-18,Canon R5,Accessories,3213.61,3
ORD-02287,2024-05-31,Samsung S24,Accessories,2386.01,5
ORD-02288,2023-03-27,Nikon Z6,Camera,397.01,1
ORD-02289,2023-05-03,Canon R5,Camera,1999.35,5
ORD-02290,2024-09-29,Nikon Z6,Accessories,1651.47,1
ORD-02291,2024-09-19,Nikon Z6,Accessories,1987.15,1
ORD-02292,2024-10-22,Sony WH-1000,Camera,3772.78,5
ORD-02293,2023-08-21,Sony WH-1000,Accessories,1840.45,1
ORD-02294,2024-01-05,Samsung S24,Camera,7092.96,4
ORD-02295,2024-11-02,Canon R5,Camera,5527.67,5
ORD-02296,2024-05-29,Dell XPS 13,Camera,3609.21,3
ORD-02297,2024-01-11,Samsung S24,Accessories,1343.75,1
ORD-02298,2023-11-05,Dell XPS 13,Electronics,3965.27,3
ORD-02299,2024-01-30,DJI Mini 4,Accessories,9246.1,5
ORD-02300,2023-06-20,Nikon Z6,Electronics,4217.32,5
ORD-02301,2024-01-13,iPhone 15,Camera,1747.23,2
ORD-02302,2024-04-06,Dell XPS 13,Electronics,4582.74,4
ORD-02303,2024-09-14,Canon R5,Electronics,2926.13,2
ORD-02304,2023-11-17,Canon R5,Accessories,1419.98,1
ORD-02305,2024-03-03,Dell XPS 13,Camera,3398.72,3
ORD-02306,2023-09-04,Canon R5,Accessories,1758.63,1
ORD-02307,2023-02-08,Galaxy Tab,Accessories,1311.79,1
ORD-02308,2023-05-04,iPhone 15,Accessories,5071.91,4
ORD-02309,2024-04-12,DJI Mini 4,Accessories,3432.99,5
ORD-02310,2023-07-23,Dell XPS 13,Electronics,8929.11,5
ORD-02311,2023-02-28,MacBook Pro,Electronics,1299.5,1
ORD-02312,2023-07-29,DJI Mini 4,Accessories,6992.58,4
ORD-02313,2024-09-04,Samsung S24,Accessories,3615.7,5
ORD-02314,2024-03-30,DJI Mini 4,Electronics,596.94,1
ORD-02315,2023-04-16,iPhone 15,Electronics,1546.09,1
ORD-02316,2023-12-04,Canon R5,Camera,544.75,1
ORD-02317,2023-10-31,DJI Mini 4,Camera,5746.99,3
ORD-02318,2024-08-27,Sony WH-1000,Electronics,494.33,2
ORD-02319,2023-12-01,iPad Air,Electronics,1503.56,3
ORD-02320,2023-07-20,Sony WH-1000,Camera,442.2,1
ORD-02321,2024-06-06,iPhone 15,Electronics,2475.98,2
ORD-02322,2023-03-19,iPad Air,Electronics,447.59,1
ORD-02323,2023-01-29,Dell XPS 13,Electronics,3920.1,3
ORD-02324,2023-06-13,Dell XPS 13,Accessories,5230.58,3
ORD-02325,2023-12-26,iPhone 15,Camera,3979.73,4
ORD-02326,2023-09-22,Sony WH-1000,Electronics,938.66,2
ORD-02327,2023-06-09,Galaxy Tab,Camera,5984.37,5
ORD-02328,2024-08-03,Nikon Z6,Electronics,365.44,3
ORD-02329,2023-07-13,Samsung S24,Electronics,6424.19,5
ORD-02330,2024-07-13,DJI Mini 4,Camera,1175.82,1
ORD-02331,2023-01-01,Dell XPS 13,Camera,1591.01,1
ORD-02332,2023-11-05,iPhone 15,Camera,1887.69,1
ORD-02333,2023-08-01,Dell XPS 13,Accessories,843.47,1
ORD-02334,2024-03-23,Samsung S24,Electronics,6607.41,5
ORD-02335,2024-05-24,Sony WH-1000,Accessories,4773.34,3
ORD-02336,2023-07-31,iPhone 15,Electronics,1565.08,1
ORD-02337,2023-10-03,Canon R5,Electronics,556.32,4
ORD-02338,2024-08-23,iPhone 15,Camera,1527.39,1
ORD-02339,2024-04-07,Dell XPS 13,Accessories,1081.97,2
ORD-02340,2023-06-04,Galaxy Tab,Accessories,7784.43,5
ORD-02341,2023-11-17,Canon R5,Electronics,1829.33,1
ORD-02342,2024-01-10,MacBook Pro,Camera,1980.9,2
ORD-02343,2024-12-21,Nikon Z6,Camera,1309.31,3
ORD-02344,2024-11-09,DJI Mini 4,Accessories,786.57,3
ORD-02345,2024-12-14,iPad Air,Electronics,4646.06,5
ORD-02346,2024-11-04,Nikon Z6,Camera,5212.92,3
ORD-02347,2024-01-16,Dell XPS 13,Accessories,2443.01,3
ORD-02348,2024-03-15,DJI Mini 4,Electronics,2515.09,3
ORD-02349,2024-12-21,iPhone 15,Electronics,278.58,1
ORD-02350,2024-02-20,iPad Air,Electronics,3805.54,2
ORD-02351,2024-10-17,Canon R5,Electronics,6583.41,4
ORD-02352,2023-05-17,Canon R5,Camera,3733.74,4
ORD-02353,2023-07-25,Dell XPS 13,Accessories,5663.44,3
ORD-02354,2023-06-16,Nikon Z6,Electronics,3461.78,4
ORD-02355,2023-05-12,Dell XPS 13,Electronics,2222.13,2
ORD-02356,2023-08-14,iPhone 15,Accessories,787.99,5
ORD-02357,2024-11-18,DJI Mini 4,Electronics,5477.99,4
ORD-02358,2023-12-25,Dell XPS 13,Accessories,252.98,1
ORD-02359,2024-07-13,Samsung S24,Camera,453.24,4
ORD-02360,2024-07-10,Sony WH-1000,Accessories,4974.5,5
ORD-02361,2024-06-12,iPhone 15,Accessories,938.15,2
ORD-02362,2024-06-18,MacBook Pro,Electronics,3068.03,5
ORD-02363,2023-01-09,Nikon Z6,Camera,724.92,4
ORD-02364,2024-05-27,Dell XPS 13,Accessories,1848.49,5
ORD-02365,2024-04-29,Sony WH-1000,Electronics,5751.66,3
ORD-02366,2024-08-30,Dell XPS 13,Accessories,5359.24,4
ORD-02367,2023-06-28,Samsung S24,Accessories,4586.62,5
ORD-02368,2024-11-28,iPhone 15,Accessories,782.34,5
ORD-02369,2023-11-11,DJI Mini 4,Accessories,4319.82,5
ORD-02370,2023-12-22,iPhone 15,Electronics,2100.87,4
ORD-02371,2023-07-26,iPhone 15,Camera,3844.03,2
ORD-02372,2023-09-02,MacBook Pro,Electronics,926.2,1
ORD-02373,2024-08-30,Galaxy Tab,Camera,1219.54,3
ORD-02374,2024-06-05,DJI Mini 4,Electronics,1087.98,1
ORD-02375,2024-07-11,Samsung S24,Electronics,7472.87,4
ORD-02376,2023-10-17,Nikon Z6,Accessories,7430.11,4
ORD-02377,2023-11-11,Galaxy Tab,Camera,7285.37,5
ORD-02378,2023-07-26,Canon R5,Electronics,3650.96,2
ORD-02379,2024-04-12,Dell XPS 13,Electronics,1585.77,1
ORD-02380,2024-07-06,Nikon Z6,Accessories,4056.65,3
ORD-02381,2024-07-21,DJI Mini 4,Accessories,2497.35,4
ORD-02382,2023-06-03,Samsung S24,Accessories,469.91,2
ORD-02383,2023-12-18,iPad Air,Electronics,681.2,2
ORD-02384,2024-07-15,DJI Mini 4,Camera,2944.74,4
ORD-02385,2024-04-25,iPad Air,Accessories,3205.97,2
ORD-02386,2024-06-09,DJI Mini 4,Camera,5744.62,3
ORD-02387,2024-04-29,DJI Mini 4,Accessories,4240.19,4
ORD-02388,2024-09-06,DJI Mini 4,Accessories,137.33,1
ORD-02389,2023-07-07,Sony WH-1000,Camera,2685.15,4
ORD-02390,2023-08-24,Nikon Z6,Electronics,7806.99,4
ORD-02391,2023-05-29,Samsung S24,Accessories,1653.19,5
ORD-02392,2023-11-09,iPhone 15,Accessories,6144.75,4
ORD-02393,2023-06-29,MacBook Pro,Electronics,1001.51,1
ORD-02394,2024-07-10,Galaxy Tab,Electronics,2436.13,4
ORD-02395,2023-02-20,iPhone 15,Accessories,2507.43,2
ORD-02396,2023-01-05,MacBook Pro,Electronics,2916.32,5
ORD-02397,2024-07-14,Galaxy Tab,Camera,2866.07,2
ORD-02398,2023-06-20,DJI Mini 4,Electronics,4505.04,4
ORD-02399,2023-03-08,MacBook Pro,Electronics,756.16,3
ORD-02400,2024-09-13,MacBook Pro,Accessories,2511.92,5
ORD-02401,2024-04-14,iPad Air,Camera,3944.72,5
ORD-02402,2023-04-15,Galaxy Tab,Electronics,6850.77,4
ORD-02403,2023-07-02,Galaxy Tab,Accessories,9756.77,5
ORD-02404,2023-07-26,Sony WH-1000,Accessories,4168.59,3
ORD-02405,2023-02-15,Sony WH-1000,Electronics,6952.81,4
ORD-02406,2024-03-25,Sony WH-1000,Electronics,3291.86,3
ORD-02407,2024-02-17,Canon R5,Electronics,3883.5,4
ORD-02408,2023-10-07,Dell XPS 13,Electronics,3895.63,2
ORD-02409,2024-10-05,Sony WH-1000,Camera,217.3,2
ORD-02410,2023-03-15,Samsung S24,Camera,3245.84,5
ORD-02411,2024-12-18,Sony WH-1000,Accessories,1937.41,1
ORD-02412,2023-01-28,MacBook Pro,Electronics,3057.82,4
ORD-02413,2023-06-19,Nikon Z6,Electronics,5330.82,3
ORD-02414,2024-02-12,Samsung S24,Accessories,4607.14,3
ORD-02415,2024-03-25,Samsung S24,Camera,7164.05,4
ORD-02416,2024-03-21,iPad Air,Electronics,539.79,1
ORD-02417,2023-09-19,Samsung S24,Camera,837.52,3
ORD-02418,2023-03-12,Canon R5,Camera,1776.36,1
ORD-02419,2023-08-31,iPad Air,Accessories,2042.1,3
ORD-02420,2024-07-30,Galaxy Tab,Accessories,4629.14,4
ORD-02421,2023-01-16,Nikon Z6,Accessories,449.36,1
ORD-02422,2023-07-02,Samsung S24,Accessories,3747.81,4
ORD-02423,2023-12-22,Sony WH-1000,Camera,8659.9,5
ORD-02424,2023-01-10,iPhone 15,Accessories,4966.27,5
ORD-02425,2023-10-25,Nikon Z6,Electronics,3085.24,4
ORD-02426,2023-07-14,Sony WH-1000,Electronics,1471.16,5
ORD-02427,2024-06-29,Dell XPS 13,Accessories,5067.56,3
ORD-02428,2023-09-02,Nikon Z6,Accessories,5875.28,3
ORD-02429,2024-01-14,MacBook Pro,Electronics,9531.44,5
ORD-02430,2024-06-01,iPhone 15,Camera,151.53,1
ORD-02431,2023-07-23,Nikon Z6,Camera,3175.88,2
ORD-02432,2023-03-01,Galaxy Tab,Camera,7083.63,4
ORD-02433,2024-07-17,Sony WH-1000,Camera,7951.59,5
ORD-02434,2023-06-17,DJI Mini 4,Camera,535.21,5
ORD-02435,2023-03-16,MacBook Pro,Accessories,2546.57,5
ORD-02436,2024-03-13,Sony WH-1000,Electronics,7082.7,4
ORD-02437,2023-05-10,DJI Mini 4,Camera,516.81,3
ORD-02438,2024-09-16,Nikon Z6,Accessories,657.05,2
ORD-02439,2023-10-19,Galaxy Tab,Accessories,2246.14,2
ORD-02440,2024-06-03,iPad Air,Accessories,1938.07,3
ORD-02441,2023-02-06,Samsung S24,Accessories,4970.34,3
ORD-02442,2024-07-25,Galaxy Tab,Accessories,573.35,2
ORD-02443,2024-08-14,Nikon Z6,Camera,1626.3,1
ORD-02444,2023-04-18,Samsung S24,Accessories,200.67,2
ORD-02445,2023-10-15,MacBook Pro,Electronics,5283.02,5
ORD-02446,2024-04-30,iPhone 15,Accessories,2044.06,2
ORD-02447,2023-11-05,Nikon Z6,Electronics,5331.95,5
ORD-02448,2023-12-29,Nikon Z6,Camera,1578.76,2
ORD-02449,2023-02-08,Dell XPS 13,Electronics,3034.2,2
ORD-02450,2024-09-16,Nikon Z6,Electronics,5352.36,4
ORD-02451,2024-08-09,Dell XPS 13,Accessories,1743.02,3
ORD-02452,2024-09-07,Sony WH-1000,Camera,2919.48,2
ORD-02453,2024-12-17,Galaxy Tab,Accessories,792.84,1
ORD-02454,2024-09-04,MacBook Pro,Accessories,1421.61,1
ORD-02455,2023-06-14,DJI Mini 4,Electronics,552.02,1
ORD-02456,2023-10-03,Samsung S24,Camera,1722.81,1
ORD-02457,2023-10-31,Sony WH-1000,Accessories,3014.15,2
ORD-02458,2023-03-23,Dell XPS 13,Camera,1164.66,1
ORD-02459,2023-10-13,MacBook Pro,Electronics,3900.43,3
ORD-02460,2024-02-29,Dell XPS 13,Camera,9741.36,5
ORD-02461,2024-09-09,iPad Air,Accessories,1142.56,1
ORD-02462,2023-06-29,Samsung S24,Camera,1524.85,2
ORD-02463,2023-09-22,Samsung S24,Accessories,2528.39,4
ORD-02464,2023-12-31,Galaxy Tab,Accessories,1186.2,2
ORD-02465,2023-11-29,Sony WH-1000,Camera,988.15,2
ORD-02466,2023-03-20,iPad Air,Camera,9600.83,5
ORD-02467,2023-08-18,Sony WH-1000,Camera,2877.44,2
ORD-02468,2023-07-09,Galaxy Tab,Camera,5885.24,3
ORD-02469,2023-03-07,Nikon Z6,Camera,1263.1,1
ORD-02470,2024-01-04,iPad Air,Accessories,3759.94,4
ORD-02471,2023-03-18,iPhone 15,Electronics,1101.85,1
ORD-02472,2023-03-22,Dell XPS 13,Camera,1961.67,1
ORD-02473,2024-05-23,iPhone 15,Electronics,5044.32,4
ORD-02474,2023-03-18,Sony WH-1000,Accessories,1451.34,2
ORD-02475,2024-12-21,Canon R5,Accessories,1385.13,1
ORD-02476,2024-12-08,iPad Air,Camera,3275.65,2
ORD-02477,2024-10-23,MacBook Pro,Accessories,1637.45,1
ORD-02478,2024-03-01,iPad Air,Accessories,973.54,1
ORD-02479,2023-04-10,Dell XPS 13,Accessories,970.53,1
ORD-02480,2024-06-07,iPhone 15,Electronics,6581.84,5
ORD-02481,2023-02-28,DJI Mini 4,Accessories,8501.54,5
ORD-02482,2024-03-13,DJI Mini 4,Accessories,1585.95,1
ORD-02483,2024-03-30,Galaxy Tab,Accessories,9912.7,5
ORD-02484,2024-02-15,Sony WH-1000,Camera,892.47,1
ORD-02485,2024-08-29,Nikon Z6,Electronics,595.5,4
ORD-02486,2023-04-09,iPhone 15,Electronics,4036.62,3
ORD-02487,2024-12-19,Nikon Z6,Electronics,894.61,1
ORD-02488,2023-02-08,iPhone 15,Camera,9961.56,5
ORD-02489,2023-08-24,Samsung S24,Electronics,6292.06,4
ORD-02490,2023-07-23,Samsung S24,Accessories,1353.32,2
ORD-02491,2023-07-17,DJI Mini 4,Accessories,6509.46,4
ORD-02492,2023-10-25,iPad Air,Electronics,3267.31,4
ORD-02493,2023-10-04,Canon R5,Electronics,307.28,3
ORD-02494,2024-06-16,Canon R5,Electronics,1574.05,3
ORD-02495,2023-11-01,Canon R5,Camera,6593.71,4
ORD-02496,2023-05-16,DJI Mini 4,Accessories,1998.59,3
ORD-02497,2023-03-24,iPad Air,Accessories,9892.69,5
ORD-02498,2024-11-10,iPad Air,Accessories,5083.92,5
ORD-02499,2023-09-07,Sony WH-1000,Electronics,838.51,4
ORD-02500,2024-09-05,Nikon Z6,Electronics,7940.71,4
ORD-02501,2024-06-14,Galaxy Tab,Camera,2056.59,4
ORD-02502,2023-06-24,Galaxy Tab,Camera,1954.34,2
ORD-02503,2024-10-06,Sony WH-1000,Accessories,5823.91,5
ORD-02504,2024-12-08,Canon R5,Camera,4015.2,4
ORD-02505,2023-12-02,iPhone 15,Camera,3148.31,5
ORD-02506,2024-05-17,Sony WH-1000,Electronics,481.47,1
ORD-02507,2024-06-01,Samsung S24,Accessories,2149.94,5
ORD-02508,2024-08-21,Samsung S24,Accessories,2930.18,5
ORD-02509,2023-06-13,Nikon Z6,Electronics,1093.06,1
ORD-02510,2024-11-27,MacBook Pro,Accessories,1083.98,1
ORD-02511,2023-05-04,Samsung S24,Electronics,5730.13,5
ORD-02512,2024-04-21,iPhone 15,Accessories,611.21,1
ORD-02513,2024-07-02,DJI Mini 4,Accessories,9155.59,5
ORD-02514,2024-04-19,Dell XPS 13,Electronics,9031.91,5
ORD-02515,2023-08-29,iPhone 15,Accessories,538.38,2
ORD-02516,2023-01-04,Sony WH-1000,Accessories,798.14,2
ORD-02517,2024-11-22,iPad Air,Accessories,6119.73,5
ORD-02518,2024-01-21,Sony WH-1000,Electronics,3541.5,5
ORD-02519,2023-09-02,iPad Air,Camera,4051.09,5
ORD-02520,2023-11-02,MacBook Pro,Accessories,3149.59,2
ORD-02521,2024-03-26,Samsung S24,Accessories,4394.26,4
ORD-02522,2024-10-23,Samsung S24,Electronics,3376.02,2
ORD-02523,2023-07-22,iPhone 15,Electronics,2740.79,4
ORD-02524,2024-10-11,Galaxy Tab,Camera,8560.45,5
ORD-02525,2023-05-15,Dell XPS 13,Electronics,935.82,2
ORD-02526,2023-11-27,Sony WH-1000,Camera,2313.07,2
ORD-02527,2023-04-06,Samsung S24,Electronics,2820.33,2
ORD-02528,2024-11-07,Sony WH-1000,Electronics,487.33,1
ORD-02529,2023-02-28,iPad Air,Camera,907.81,2
ORD-02530,2024-03-29,Samsung S24,Camera,2670.26,5
ORD-02531,2024-05-29,Canon R5,Electronics,1854.15,3
ORD-02532,2024-04-20,Dell XPS 13,Camera,2305.37,2
ORD-02533,2023-05-02,Dell XPS 13,Accessories,5725.78,4
ORD-02534,2024-05-23,DJI Mini 4,Accessories,5103.06,4
ORD-02535,2023-06-05,DJI Mini 4,Electronics,9594.02,5
ORD-02536,2023-07-12,Sony WH-1000,Camera,1481.77,1
ORD-02537,2023-04-29,iPad Air,Camera,5249.24,4
ORD-02538,2023-01-17,DJI Mini 4,Electronics,3036.38,2
ORD-02539,2024-09-09,Galaxy Tab,Electronics,3852.5,3
ORD-02540,2023-10-24,Galaxy Tab,Camera,740.15,4
ORD-02541,2024-04-06,MacBook Pro,Accessories,344.27,1
ORD-02542,2024-12-06,iPhone 15,Camera,3784.05,2
ORD-02543,2023-06-07,Samsung S24,Camera,3251.6,2
ORD-02544,2023-03-06,Canon R5,Accessories,3234.32,2
ORD-02545,2023-08-20,Canon R5,Camera,7623.23,5
ORD-02546,2023-03-17,Canon R5,Camera,918.42,4
ORD-02547,2023-08-24,Nikon Z6,Accessories,881.05,1
ORD-02548,2024-02-06,Samsung S24,Accessories,8103.04,5
ORD-02549,2023-01-29,iPad Air,Camera,5768.23,4
ORD-02550,2024-12-14,Dell XPS 13,Camera,3353.86,5
ORD-02551,2024-11-03,iPhone 15,Accessories,1440.09,2
ORD-02552,2023-05-19,Dell XPS 13,Camera,1834.85,1
ORD-02553,2024-06-08,MacBook Pro,Accessories,3846.64,4
ORD-02554,2024-09-30,DJI Mini 4,Electronics,552.32,1
ORD-02555,2024-02-23,Dell XPS 13,Accessories,5145.5,3
ORD-02556,2023-07-27,Canon R5,Electronics,1216.83,1
ORD-02557,2023-09-01,Dell XPS 13,Electronics,2784.47,2
ORD-02558,2024-05-20,Nikon Z6,Camera,4420.02,3
ORD-02559,2024-06-30,iPhone 15,Electronics,1042.29,3
ORD-02560,2023-06-18,Canon R5,Camera,3853.39,5
ORD-02561,2023-09-11,iPad Air,Camera,2802.35,5
ORD-02562,2023-03-22,Canon R5,Camera,2399.64,3
ORD-02563,2024-05-21,Dell XPS 13,Electronics,587.93,5
ORD-02564,2024-03-01,Sony WH-1000,Camera,6071.43,4
ORD-02565,2024-11-04,MacBook Pro,Electronics,3517.96,3
ORD-02566,2023-03-14,Samsung S24,Camera,1704.24,4
ORD-02567,2023-10-08,iPhone 15,Camera,1607.71,4
ORD-02568,2023-08-17,iPhone 15,Camera,5013.38,5
ORD-02569,2023-08-06,Canon R5,Camera,5501.04,5
ORD-02570,2024-08-02,Samsung S24,Electronics,7495.68,5
ORD-02571,2024-08-28,Canon R5,Electronics,1290.06,2
ORD-02572,2023-04-02,Samsung S24,Accessories,7177.8,5
ORD-02573,2023-02-19,iPhone 15,Accessories,4339.29,3
ORD-02574,2023-04-20,Canon R5,Accessories,659.69,5
ORD-02575,2024-08-21,Samsung S24,Camera,5552.31,4
ORD-02576,2023-03-15,Nikon Z6,Camera,1893.98,3
ORD-02577,2024-06-21,Sony WH-1000,Electronics,1677.14,3
ORD-02578,2023-12-08,iPhone 15,Accessories,3975.86,3
ORD-02579,2023-10-17,Samsung S24,Camera,2999.78,3
ORD-02580,2024-02-25,MacBook Pro,Accessories,322.8,3
ORD-02581,2024-03-01,Galaxy Tab,Camera,3253.48,2
ORD-02582,2023-05-27,Dell XPS 13,Accessories,4062.31,3
ORD-02583,2023-04-11,iPhone 15,Camera,741.71,3
ORD-02584,2023-12-21,iPhone 15,Camera,7553.63,5
ORD-02585,2024-08-02,Samsung S24,Accessories,253.53,2
ORD-02586,2023-10-12,Galaxy Tab,Electronics,778.34,1
ORD-02587,2023-08-17,Dell XPS 13,Camera,6505.57,5
ORD-02588,2023-07-26,Sony WH-1000,Camera,624.7,2
ORD-02589,2024-06-09,Sony WH-1000,Camera,2162.89,3
ORD-02590,2024-01-11,Nikon Z6,Accessories,5964.59,5
ORD-02591,2023-07-01,DJI Mini 4,Camera,3054.06,4
ORD-02592,2023-05-28,Sony WH-1000,Camera,2512.27,5
ORD-02593,2024-11-12,Sony WH-1000,Camera,916.59,1
ORD-02594,2024-12-26,iPhone 15,Camera,2934.45,4
ORD-02595,2023-03-15,Nikon Z6,Camera,902.27,2
ORD-02596,2024-02-28,DJI Mini 4,Camera,915.75,1
ORD-02597,2024-03-02,Samsung S24,Accessories,1200.65,5
ORD-02598,2024-03-02,iPad Air,Electronics,2648.46,4
ORD-02599,2024-03-02,Samsung S24,Electronics,839.35,1
ORD-02600,2023-06-06,iPad Air,Accessories,1879.29,1
ORD-02601,2024-06-01,Galaxy Tab,Electronics,1154.97,3
ORD-02602,2023-02-26,MacBook Pro,Accessories,7451.32,4
ORD-02603,2023-12-15,Nikon Z6,Accessories,5996.37,5
ORD-02604,2023-01-21,DJI Mini 4,Accessories,3607.74,4
ORD-02605,2023-06-24,Samsung S24,Camera,6092.88,4
ORD-02606,2024-09-05,Canon R5,Camera,4160.14,4
ORD-02607,2024-06-18,iPhone 15,Accessories,3398.26,5
ORD-02608,2024-12-29,Nikon Z6,Accessories,3176.16,5
ORD-02609,2023-08-14,Samsung S24,Electronics,1765.75,2
ORD-02610,2023-10-17,Galaxy Tab,Electronics,3051.44,2
ORD-02611,2023-01-26,DJI Mini 4,Camera,3142.61,3
ORD-02612,2023-04-03,iPad Air,Camera,6914.69,4
ORD-02613,2023-03-31,Samsung S24,Electronics,3522.2,4
ORD-02614,2023-03-08,MacBook Pro,Electronics,4107.94,5
ORD-02615,2024-04-18,Galaxy Tab,Camera,1729.94,3
ORD-02616,2024-05-13,Galaxy Tab,Accessories,1119.36,1
ORD-02617,2023-03-29,Dell XPS 13,Accessories,7221.8,4
ORD-02618,2023-02-09,Nikon Z6,Accessories,1607.42,2
ORD-02619,2024-11-20,iPad Air,Accessories,678.62,2
ORD-02620,2023-05-28,iPad Air,Accessories,1766.35,2
ORD-02621,2024-01-19,Canon R5,Accessories,4305.88,5
ORD-02622,2023-05-26,Canon R5,Accessories,859.88,2
ORD-02623,2023-10-02,iPad Air,Electronics,1360.69,1
ORD-02624,2023-10-02,iPad Air,Camera,4791.97,5
ORD-02625,2023-04-03,DJI Mini 4,Accessories,307.97,1
ORD-02626,2023-04-15,Dell XPS 13,Camera,2918.86,2
ORD-02627,2023-05-11,Samsung S24,Camera,861.82,2
ORD-02628,2023-03-12,Galaxy Tab,Accessories,5691.22,4
ORD-02629,2023-04-24,Canon R5,Electronics,2308.98,2
ORD-02630,2023-08-15,iPhone 15,Accessories,3894.59,2
ORD-02631,2023-07-17,Dell XPS 13,Camera,7134.96,4
ORD-02632,2023-10-10,iPhone 15,Accessories,4651.75,3
ORD-02633,2024-11-09,DJI Mini 4,Electronics,3953.5,3
ORD-02634,2023-08-09,Samsung S24,Electronics,2994.9,2
ORD-02635,2023-07-22,Nikon Z6,Accessories,2333.66,3
ORD-02636,2024-05-20,iPad Air,Camera,1042.38,2
ORD-02637,2023-01-22,Canon R5,Accessories,1825.53,1
ORD-02638,2024-04-29,Canon R5,Accessories,834.1,1
ORD-02639,2024-02-17,iPhone 15,Camera,2113.19,3
ORD-02640,2024-05-01,Sony WH-1000,Accessories,7395.12,4
ORD-02641,2023-10-18,iPad Air,Camera,6770.39,5
ORD-02642,2023-09-20,DJI Mini 4,Electronics,4071.63,4
ORD-02643,2023-10-28,MacBook Pro,Electronics,161.96,1
ORD-02644,2023-10-05,Dell XPS 13,Accessories,1650.78,1
ORD-02645,2024-07-11,iPhone 15,Accessories,788.93,3
ORD-02646,2023-05-05,iPhone 15,Electronics,1891.74,4
ORD-02647,2023-09-17,Nikon Z6,Camera,2144.06,5
ORD-02648,2023-01-01,Canon R5,Camera,3224.23,3
ORD-02649,2023-10-21,Galaxy Tab,Accessories,863.49,1
ORD-02650,2023-10-07,Dell XPS 13,Electronics,3450.68,3
ORD-02651,2024-06-15,Dell XPS 13,Accessories,2487.15,3
ORD-02652,2023-02-03,Samsung S24,Electronics,8321.89,5
ORD-02653,2023-08-24,DJI Mini 4,Camera,6832.99,5
ORD-02654,2023-11-26,DJI Mini 4,Electronics,1379.12,1
ORD-02655,2024-10-01,iPad Air,Accessories,4910.87,5
ORD-02656,2024-01-22,Galaxy Tab,Accessories,573.65,2
ORD-02657,2023-08-30,Canon R5,Accessories,6049.98,4
ORD-02658,2023-11-22,Sony WH-1000,Camera,5804.4,4
ORD-02659,2023-12-22,MacBook Pro,Accessories,6934.05,5
ORD-02660,2023-07-28,Sony WH-1000,Camera,2339.97,2
ORD-02661,2023-01-10,Nikon Z6,Electronics,712.89,2
ORD-02662,2024-05-11,Galaxy Tab,Camera,1214.32,4
ORD-02663,2023-05-04,Canon R5,Camera,2800.62,2
ORD-02664,2024-10-02,DJI Mini 4,Accessories,3671.53,2
ORD-02665,2024-11-17,Canon R5,Accessories,4943.24,3
ORD-02666,2024-01-08,Sony WH-1000,Camera,2781.62,3
ORD-02667,2023-09-30,Samsung S24,Accessories,2597.17,2
ORD-02668,2024-05-05,Dell XPS 13,Electronics,1251.41,5
ORD-02669,2023-12-04,Sony WH-1000,Accessories,594.72,1
ORD-02670,2023-09-19,Canon R5,Camera,5256.92,3
ORD-02671,2024-10-01,Galaxy Tab,Camera,1000.26,1
ORD-02672,2023-12-21,Sony WH-1000,Electronics,5131.09,4
ORD-02673,2024-01-04,Samsung S24,Electronics,6652.95,5
ORD-02674,2023-06-08,DJI Mini 4,Accessories,873.41,2
ORD-02675,2024-10-04,DJI Mini 4,Electronics,3626.42,2
ORD-02676,2024-08-31,iPad Air,Electronics,3680.68,3
ORD-02677,2024-09-28,iPhone 15,Accessories,7250.6,5
ORD-02678,2023-06-23,iPad Air,Accessories,1484.4,1
ORD-02679,2023-04-27,Dell XPS 13,Camera,7660.85,4
ORD-02680,2024-03-15,Sony WH-1000,Camera,1240.2,1
ORD-02681,2023-05-17,Sony WH-1000,Electronics,7445.22,4
ORD-02682,2023-10-20,iPad Air,Accessories,3271.16,2
ORD-02683,2023-12-06,Samsung S24,Accessories,732.47,1
ORD-02684,2023-08-22,MacBook Pro,Camera,2364.82,2
ORD-02685,2024-10-05,Dell XPS 13,Camera,1812.53,1
ORD-02686,2024-08-21,Galaxy Tab,Camera,5115.79,3
ORD-02687,2024-12-19,Nikon Z6,Electronics,669.17,2
ORD-02688,2023-10-27,Samsung S24,Accessories,2633.87,3
ORD-02689,2024-07-14,iPhone 15,Camera,500.26,1
ORD-02690,2023-10-02,Dell XPS 13,Camera,3419.09,3
ORD-02691,2023-04-28,Galaxy Tab,Electronics,770.38,4
ORD-02692,2023-02-28,MacBook Pro,Electronics,3415.49,2
ORD-02693,2023-02-24,iPhone 15,Accessories,1944.9,1
ORD-02694,2024-04-22,Canon R5,Accessories,892.94,4
ORD-02695,2023-03-05,Nikon Z6,Camera,1239.1,1
ORD-02696,2024-02-03,iPhone 15,Electronics,4603.3,5
ORD-02697,2023-01-02,DJI Mini 4,Accessories,5383.08,5
ORD-02698,2024-06-15,MacBook Pro,Electronics,4010.33,5
ORD-02699,2023-11-22,MacBook Pro,Accessories,5478.17,4
ORD-02700,2023-07-29,MacBook Pro,Electronics,9905.98,5
ORD-02701,2024-10-20,iPhone 15,Electronics,6741.2,5
ORD-02702,2023-12-18,DJI Mini 4,Electronics,3296.43,4
ORD-02703,2023-12-31,Nikon Z6,Electronics,3785.53,3
ORD-02704,2024-04-28,Dell XPS 13,Electronics,5173.64,4
ORD-02705,2024-09-20,Dell XPS 13,Accessories,2761.98,2
ORD-02706,2023-01-01,iPhone 15,Electronics,7361.75,4
ORD-02707,2023-02-01,Nikon Z6,Camera,8120.87,5
ORD-02708,2024-08-28,Galaxy Tab,Electronics,429.65,1
ORD-02709,2023-07-22,Canon R5,Camera,5906.43,5
ORD-02710,2023-01-15,iPad Air,Accessories,9269.54,5
ORD-02711,2023-10-12,iPad Air,Accessories,1539.78,1
ORD-02712,2024-09-22,iPad Air,Electronics,4017.35,3
ORD-02713,2024-03-21,MacBook Pro,Camera,806.61,1
ORD-02714,2024-10-25,Galaxy Tab,Electronics,3686.97,2
ORD-02715,2024-03-31,Sony WH-1000,Camera,7370.73,5
ORD-02716,2024-03-11,Nikon Z6,Electronics,1592.73,3
ORD-02717,2024-09-20,DJI Mini 4,Camera,1602.15,1
ORD-02718,2023-11-18,DJI Mini 4,Electronics,4532.92,5
ORD-02719,2023-09-12,DJI Mini 4,Accessories,785.02,1
ORD-02720,2023-10-12,Samsung S24,Electronics,5992.2,5
ORD-02721,2023-08-22,DJI Mini 4,Accessories,2410.8,4
ORD-02722,2023-07-15,Samsung S24,Camera,4897.03,4
ORD-02723,2023-12-29,Galaxy Tab,Electronics,4307.93,3
ORD-02724,2024-05-16,MacBook Pro,Camera,2735.55,2
ORD-02725,2023-10-05,iPad Air,Camera,2578.14,2
ORD-02726,2023-11-12,iPhone 15,Accessories,1740.41,4
ORD-02727,2023-10-09,Sony WH-1000,Camera,1191.89,3
ORD-02728,2023-09-01,Galaxy Tab,Accessories,340.29,2
ORD-02729,2023-12-19,iPhone 15,Camera,5467.94,3
ORD-02730,2024-02-23,Galaxy Tab,Camera,7835.08,5
ORD-02731,2024-05-28,Dell XPS 13,Accessories,1306.25,1
ORD-02732,2023-01-12,DJI Mini 4,Accessories,6769.67,4
ORD-02733,2024-01-18,Galaxy Tab,Accessories,2462.32,2
ORD-02734,2023-08-07,iPad Air,Camera,1120.89,2
ORD-02735,2023-12-08,DJI Mini 4,Accessories,5480.89,3
ORD-02736,2023-12-19,Canon R5,Electronics,1264.02,2
ORD-02737,2023-09-12,DJI Mini 4,Accessories,1527.11,2
ORD-02738,2024-08-09,Canon R5,Camera,1377.58,3
ORD-02739,2023-08-20,DJI Mini 4,Electronics,968.0,1
ORD-02740,2023-01-11,iPad Air,Camera,723.6,3
ORD-02741,2023-10-30,Dell XPS 13,Accessories,2054.15,2
ORD-02742,2024-12-17,Dell XPS 13,Electronics,974.76,1
ORD-02743,2023-07-24,Samsung S24,Electronics,1761.05,1
ORD-02744,2024-02-05,Samsung S24,Accessories,806.5,3
ORD-02745,2023-06-12,Nikon Z6,Electronics,4245.17,3
ORD-02746,2024-07-18,Samsung S24,Electronics,6700.8,4
ORD-02747,2024-05-14,Sony WH-1000,Electronics,1062.71,4
ORD-02748,2023-12-02,iPad Air,Electronics,429.62,1
ORD-02749,2023-06-02,Sony WH-1000,Accessories,2843.47,4
ORD-02750,2023-09-01,Dell XPS 13,Electronics,3472.5,5
ORD-02751,2024-04-09,Sony WH-1000,Camera,2520.24,3
ORD-02752,2024-10-08,DJI Mini 4,Camera,889.97,2
ORD-02753,2024-05-13,iPhone 15,Camera,1525.15,2
ORD-02754,2024-06-25,Galaxy Tab,Camera,2872.51,2
ORD-02755,2024-07-16,Nikon Z6,Accessories,1680.23,1
ORD-02756,2023-04-27,iPhone 15,Camera,9905.84,5
ORD-02757,2023-12-10,Dell XPS 13,Electronics,1880.86,5
ORD-02758,2023-09-21,Galaxy Tab,Camera,5811.86,3
ORD-02759,2024-08-12,Canon R5,Camera,1875.92,1
ORD-02760,2024-04-18,Dell XPS 13,Camera,5449.85,3
ORD-02761,2024-10-19,DJI Mini 4,Accessories,1581.14,1
ORD-02762,2024-12-24,DJI Mini 4,Electronics,3741.35,2
ORD-02763,2024-07-16,iPhone 15,Camera,1694.4,2
ORD-02764,2024-04-30,Galaxy Tab,Camera,1120.82,1
ORD-02765,2023-12-29,Galaxy Tab,Accessories,1603.74,1
ORD-02766,2024-07-27,Dell XPS 13,Electronics,151.23,1
ORD-02767,2023-01-19,iPhone 15,Electronics,500.55,1
ORD-02768,2023-12-22,DJI Mini 4,Accessories,9743.73,5
ORD-02769,2024-04-06,Sony WH-1000,Electronics,3491.14,2
ORD-02770,2024-05-21,Dell XPS 13,Electronics,2593.96,5
ORD-02771,2023-02-13,DJI Mini 4,Camera,1537.1,5
ORD-02772,2023-03-10,Samsung S24,Electronics,6465.78,5
ORD-02773,2023-09-25,Sony WH-1000,Electronics,2797.99,2
ORD-02774,2024-12-24,iPhone 15,Electronics,1947.7,3
ORD-02775,2023-02-02,Samsung S24,Electronics,5033.82,5
ORD-02776,2023-06-27,iPhone 15,Accessories,6728.89,4
ORD-02777,2024-03-08,Galaxy Tab,Accessories,3880.68,4
ORD-02778,2024-02-15,iPad Air,Electronics,4341.98,3
ORD-02779,2024-01-07,Canon R5,Electronics,1213.12,1
ORD-02780,2024-08-24,Sony WH-1000,Accessories,5489.15,3
ORD-02781,2024-05-27,Nikon Z6,Electronics,3746.79,3
ORD-02782,2024-03-06,DJI Mini 4,Electronics,478.28,3
ORD-02783,2024-12-28,Sony WH-1000,Camera,3134.35,2
ORD-02784,2024-11-25,Samsung S24,Accessories,1374.83,1
ORD-02785,2024-10-01,Dell XPS 13,Camera,4120.96,3
ORD-02786,2023-07-02,Sony WH-1000,Electronics,3543.76,5
ORD-02787,2023-03-22,iPad Air,Electronics,8387.01,5
ORD-02788,2023-04-12,iPad Air,Electronics,7071.26,4
ORD-02789,2023-10-23,Samsung S24,Accessories,2997.24,4
ORD-02790,2023-10-19,Galaxy Tab,Camera,2929.56,3
ORD-02791,2024-08-09,MacBook Pro,Electronics,2842.1,5
ORD-02792,2023-09-30,Canon R5,Electronics,145.47,1
ORD-02793,2024-05-03,Dell XPS 13,Camera,1952.11,1
ORD-02794,2024-04-29,Sony WH-1000,Accessories,9929.12,5
ORD-02795,2024-07-27,Nikon Z6,Electronics,1843.06,1
ORD-02796,2024-10-30,Canon R5,Camera,2302.07,2
ORD-02797,2023-10-09,DJI Mini 4,Accessories,8906.51,5
ORD-02798,2024-10-10,DJI Mini 4,Electronics,2251.49,2
ORD-02799,2023-10-16,Sony WH-1000,Camera,5863.85,3
ORD-02800,2023-05-26,iPad Air,Camera,1002.44,1
ORD-02801,2023-05-23,Samsung S24,Camera,922.02,3
ORD-02802,2024-07-20,Samsung S24,Electronics,418.41,2
ORD-02803,2024-03-04,Samsung S24,Electronics,1232.04,1
ORD-02804,2024-08-12,iPad Air,Electronics,353.26,3
ORD-02805,2024-12-24,Dell XPS 13,Accessories,4862.74,3
ORD-02806,2024-09-08,iPhone 15,Electronics,5812.19,3
ORD-02807,2023-01-24,Nikon Z6,Camera,3632.3,2
ORD-02808,2024-09-02,iPad Air,Electronics,1279.04,5
ORD-02809,2023-01-12,iPhone 15,Electronics,4223.06,3
ORD-02810,2024-05-05,Galaxy Tab,Accessories,3903.98,4
ORD-02811,2024-10-28,Samsung S24,Electronics,1690.98,1
ORD-02812,2023-07-15,Canon R5,Camera,3086.38,4
ORD-02813,2024-11-04,DJI Mini 4,Electronics,4516.73,3
ORD-02814,2023-04-27,Sony WH-1000,Accessories,697.73,1
ORD-02815,2023-12-12,Samsung S24,Camera,3622.26,2
ORD-02816,2023-11-26,Galaxy Tab,Electronics,1427.58,1
ORD-02817,2023-06-18,Galaxy Tab,Camera,1465.37,1
ORD-02818,2024-08-17,iPhone 15,Electronics,1816.55,1
ORD-02819,2024-10-29,Galaxy Tab,Camera,5673.95,5
ORD-02820,2023-11-29,Dell XPS 13,Accessories,221.67,1
ORD-02821,2023-01-31,Dell XPS 13,Accessories,5918.44,4
ORD-02822,2023-11-08,Sony WH-1000,Camera,1408.5,4
ORD-02823,2024-11-26,Sony WH-1000,Camera,2313.03,4
ORD-02824,2024-08-29,Samsung S24,Camera,4316.84,4
ORD-02825,2024-05-23,Sony WH-1000,Electronics,5884.29,3
ORD-02826,2024-05-16,Sony WH-1000,Accessories,1647.7,1
ORD-02827,2023-05-06,Samsung S24,Accessories,3485.74,5
ORD-02828,2023-01-30,iPad Air,Accessories,916.45,2
ORD-02829,2023-11-09,MacBook Pro,Electronics,8327.72,5
ORD-02830,2024-07-23,Sony WH-1000,Accessories,5938.55,3
ORD-02831,2024-11-01,MacBook Pro,Camera,1343.39,3
ORD-02832,2023-04-01,iPad Air,Electronics,1782.88,1
ORD-02833,2023-06-07,iPad Air,Accessories,487.11,1
ORD-02834,2023-07-25,MacBook Pro,Accessories,4845.66,3
ORD-02835,2023-04-28,Dell XPS 13,Accessories,4990.21,3
ORD-02836,2024-06-10,Sony WH-1000,Electronics,798.17,1
ORD-02837,2023-10-27,Sony WH-1000,Electronics,2613.08,2
ORD-02838,2023-02-04,Nikon Z6,Camera,3880.9,5
ORD-02839,2023-10-29,Nikon Z6,Camera,1771.26,3
ORD-02840,2023-12-05,DJI Mini 4,Camera,4846.54,3
ORD-02841,2023-01-15,Sony WH-1000,Camera,707.95,1
ORD-02842,2023-02-09,iPhone 15,Camera,1526.24,2
ORD-02843,2023-06-19,Canon R5,Camera,5390.84,5
ORD-02844,2023-04-19,iPad Air,Accessories,776.01,1
ORD-02845,2023-03-17,Nikon Z6,Electronics,637.28,1
ORD-02846,2023-07-18,iPad Air,Accessories,3355.77,2
ORD-02847,2023-04-18,Dell XPS 13,Camera,2623.41,2
ORD-02848,2023-02-04,Samsung S24,Camera,1214.77,3
ORD-02849,2023-07-21,Nikon Z6,Accessories,3850.29,5
ORD-02850,2023-07-07,MacBook Pro,Camera,7585.22,4
ORD-02851,2023-05-31,Sony WH-1000,Accessories,1634.8,1
ORD-02852,2023-03-06,Galaxy Tab,Camera,3450.63,3
ORD-02853,2023-05-24,Samsung S24,Electronics,5196.52,3
ORD-02854,2024-03-20,Canon R5,Accessories,7903.04,4
ORD-02855,2024-02-13,Galaxy Tab,Camera,1871.46,5
ORD-02856,2024-12-16,MacBook Pro,Accessories,1928.17,1
ORD-02857,2023-10-03,iPhone 15,Accessories,7838.19,5
ORD-02858,2023-08-08,MacBook Pro,Accessories,3374.91,3
ORD-02859,2024-12-18,iPad Air,Accessories,5933.18,4
ORD-02860,2023-06-13,Sony WH-1000,Electronics,6312.35,5
ORD-02861,2023-11-28,iPad Air,Electronics,1635.62,2
ORD-02862,2024-03-16,Dell XPS 13,Electronics,5233.85,3
ORD-02863,2023-07-20,DJI Mini 4,Camera,367.98,2
ORD-02864,2023-11-03,iPhone 15,Accessories,3220.5,3
ORD-02865,2024-10-22,iPhone 15,Accessories,4402.5,5
ORD-02866,2023-06-06,Samsung S24,Electronics,1876.12,5
ORD-02867,2024-07-20,Canon R5,Electronics,5442.15,3
ORD-02868,2023-09-17,Dell XPS 13,Accessories,359.05,1
ORD-02869,2024-08-23,Dell XPS 13,Camera,482.29,1
ORD-02870,2024-02-28,Galaxy Tab,Camera,210.47,1
ORD-02871,2023-03-20,DJI Mini 4,Camera,3092.8,2
ORD-02872,2024-01-07,Samsung S24,Accessories,2694.18,3
ORD-02873,2023-03-20,iPhone 15,Accessories,1746.23,3
ORD-02874,2023-12-11,Galaxy Tab,Electronics,1502.47,1
ORD-02875,2024-06-06,Sony WH-1000,Camera,1906.06,2
ORD-02876,2023-11-06,Dell XPS 13,Accessories,1050.74,2
ORD-02877,2023-08-09,Canon R5,Electronics,2547.79,2
ORD-02878,2023-01-05,Samsung S24,Accessories,4936.99,3
ORD-02879,2023-02-02,Canon R5,Accessories,5972.22,3
ORD-02880,2024-11-14,DJI Mini 4,Accessories,155.53,1
ORD-02881,2023-01-06,Samsung S24,Accessories,5979.74,4
ORD-02882,2023-11-29,Canon R5,Accessories,5796.09,3
ORD-02883,2023-03-23,Canon R5,Accessories,903.18,1
ORD-02884,2023-10-27,Dell XPS 13,Electronics,2537.47,2
ORD-02885,2023-01-22,Nikon Z6,Accessories,525.19,1
ORD-02886,2023-01-14,iPhone 15,Camera,937.06,3
ORD-02887,2023-07-20,iPad Air,Camera,2918.52,3
ORD-02888,2023-06-22,Samsung S24,Camera,1758.57,1
ORD-02889,2024-06-10,Samsung S24,Electronics,8099.19,5
ORD-02890,2023-08-14,MacBook Pro,Electronics,3104.42,2
ORD-02891,2024-12-05,Dell XPS 13,Camera,3619.0,3
ORD-02892,2023-02-23,Samsung S24,Accessories,601.19,4
ORD-02893,2024-09-13,iPad Air,Camera,5590.64,5
ORD-02894,2023-10-29,Samsung S24,Accessories,676.61,1
ORD-02895,2023-06-04,Sony WH-1000,Accessories,1584.95,1
ORD-02896,2024-10-29,DJI Mini 4,Camera,705.37,1
ORD-02897,2024-01-31,Nikon Z6,Accessories,5374.86,4
ORD-02898,2024-11-17,iPad Air,Accessories,2141.24,2
ORD-02899,2023-10-28,iPhone 15,Accessories,711.52,1
ORD-02900,2024-07-20,Galaxy Tab,Electronics,1584.55,1
ORD-02901,2023-10-30,iPad Air,Accessories,1066.91,3
ORD-02902,2024-07-25,MacBook Pro,Accessories,2911.13,2
ORD-02903,2024-12-10,Galaxy Tab,Camera,1467.79,1
ORD-02904,2023-03-16,iPad Air,Electronics,2207.67,3
ORD-02905,2024-01-20,Galaxy Tab,Electronics,1109.13,4
ORD-02906,2024-07-22,MacBook Pro,Accessories,3511.63,2
ORD-02907,2024-02-27,Nikon Z6,Camera,726.41,4
ORD-02908,2023-11-26,Samsung S24,Electronics,1222.65,1
ORD-02909,2024-09-04,Galaxy Tab,Electronics,6149.9,4
ORD-02910,2024-08-27,DJI Mini 4,Camera,2708.77,4
ORD-02911,2023-04-26,MacBook Pro,Camera,1568.67,4
ORD-02912,2023-12-24,Sony WH-1000,Camera,4348.24,4
ORD-02913,2024-09-28,DJI Mini 4,Electronics,5739.54,4
ORD-02914,2024-04-18,Canon R5,Electronics,2636.86,3
ORD-02915,2023-03-06,DJI Mini 4,Electronics,492.57,1
ORD-02916,2023-01-29,Canon R5,Camera,544.21,1
ORD-02917,2023-01-19,Nikon Z6,Accessories,668.86,1
ORD-02918,2023-06-02,Dell XPS 13,Camera,1839.13,3
ORD-02919,2023-12-01,DJI Mini 4,Electronics,1577.38,1
ORD-02920,2023-11-15,Dell XPS 13,Accessories,665.09,1
ORD-02921,2023-02-19,Galaxy Tab,Camera,2432.55,3
ORD-02922,2023-01-21,iPad Air,Camera,3336.37,2
ORD-02923,2023-04-16,iPhone 15,Camera,3126.13,3
ORD-02924,2024-08-03,MacBook Pro,Electronics,7641.51,5
ORD-02925,2023-10-21,DJI Mini 4,Electronics,5182.67,5
ORD-02926,2024-10-21,Canon R5,Accessories,3016.35,4
ORD-02927,2023-06-16,iPhone 15,Electronics,1571.32,4
ORD-02928,2023-03-03,MacBook Pro,Accessories,1410.13,1
ORD-02929,2023-01-05,DJI Mini 4,Electronics,1316.0,1
ORD-02930,2024-11-01,iPad Air,Electronics,457.03,1
ORD-02931,2023-04-06,Galaxy Tab,Camera,2856.89,4
ORD-02932,2024-08-26,Canon R5,Camera,894.06,1
ORD-02933,2023-07-11,MacBook Pro,Accessories,703.5,1
ORD-02934,2023-07-19,Dell XPS 13,Camera,3612.18,3
ORD-02935,2023-07-18,Galaxy Tab,Camera,3461.19,4
ORD-02936,2023-04-19,Canon R5,Accessories,453.83,1
ORD-02937,2024-08-29,Samsung S24,Electronics,1302.96,5
ORD-02938,2023-01-30,iPhone 15,Camera,2961.66,2
ORD-02939,2023-01-24,iPhone 15,Camera,5393.78,3
ORD-02940,2024-02-22,iPhone 15,Electronics,3387.53,2
ORD-02941,2023-07-31,Nikon Z6,Accessories,4232.99,3
ORD-02942,2023-01-02,MacBook Pro,Accessories,2647.97,4
ORD-02943,2023-02-13,iPad Air,Camera,5687.5,4
ORD-02944,2023-11-01,MacBook Pro,Electronics,1895.5,3
ORD-02945,2023-06-04,Sony WH-1000,Accessories,4893.07,4
ORD-02946,2024-05-06,DJI Mini 4,Camera,7353.22,5
ORD-02947,2023-12-10,Nikon Z6,Electronics,2384.19,4
ORD-02948,2024-07-04,Sony WH-1000,Electronics,1637.34,2
ORD-02949,2023-03-31,iPhone 15,Camera,1523.33,1
ORD-02950,2023-02-15,DJI Mini 4,Camera,1311.76,1
ORD-02951,2024-11-28,iPad Air,Accessories,6493.41,5
ORD-02952,2023-05-25,iPhone 15,Electronics,1935.83,1
ORD-02953,2024-05-06,Samsung S24,Accessories,108.4,1
ORD-02954,2023-11-20,MacBook Pro,Accessories,6178.41,5
ORD-02955,2023-08-23,iPad Air,Camera,5438.12,5
ORD-02956,2023-04-06,Samsung S24,Electronics,6500.4,5
ORD-02957,2024-07-23,Dell XPS 13,Camera,210.57,1
ORD-02958,2024-09-27,Nikon Z6,Electronics,1360.77,4
ORD-02959,2024-04-19,iPad Air,Electronics,1079.61,1
ORD-02960,2023-02-17,iPhone 15,Camera,6320.05,5
ORD-02961,2023-04-17,Samsung S24,Accessories,1065.53,1
ORD-02962,2023-11-24,Dell XPS 13,Camera,7999.67,4
ORD-02963,2023-08-08,iPhone 15,Camera,1042.71,1
ORD-02964,2024-12-28,Canon R5,Accessories,1902.41,3
ORD-02965,2024-06-19,Nikon Z6,Electronics,1095.82,1
ORD-02966,2023-08-05,Sony WH-1000,Accessories,1060.76,2
ORD-02967,2023-01-06,DJI Mini 4,Accessories,3736.64,3
ORD-02968,2024-09-16,Sony WH-1000,Electronics,7597.58,5
ORD-02969,2023-03-08,Nikon Z6,Electronics,466.53,3
ORD-02970,2024-10-15,Nikon Z6,Electronics,3227.94,2
ORD-02971,2023-10-23,Galaxy Tab,Camera,6690.42,5
ORD-02972,2023-11-20,iPad Air,Camera,6878.62,5
ORD-02973,2024-07-06,MacBook Pro,Electronics,6474.37,4
ORD-02974,2024-01-07,Samsung S24,Camera,192.07,1
ORD-02975,2023-06-19,Galaxy Tab,Accessories,7944.04,5
ORD-02976,2023-07-10,MacBook Pro,Camera,3632.77,4
ORD-02977,2023-12-05,Samsung S24,Electronics,636.08,1
ORD-02978,2024-11-11,DJI Mini 4,Camera,6170.86,4
ORD-02979,2024-02-15,Galaxy Tab,Electronics,5126.67,4
ORD-02980,2024-07-07,iPad Air,Accessories,3996.65,5
ORD-02981,2023-09-08,DJI Mini 4,Accessories,3603.78,2
ORD-02982,2024-12-20,iPad Air,Camera,2380.96,2
ORD-02983,2023-12-07,iPad Air,Camera,236.74,1
ORD-02984,2023-11-10,Sony WH-1000,Accessories,1697.74,1
ORD-02985,2023-06-22,Canon R5,Camera,1605.19,1
ORD-02986,2023-12-13,Sony WH-1000,Camera,6413.64,4
ORD-02987,2024-04-10,DJI Mini 4,Camera,1199.54,2
ORD-02988,2023-10-31,Galaxy Tab,Camera,1632.08,1
ORD-02989,2024-08-07,iPhone 15,Camera,9183.53,5
ORD-02990,2023-07-21,iPhone 15,Accessories,1104.6,5
ORD-02991,2024-12-29,DJI Mini 4,Electronics,943.84,1
ORD-02992,2023-08-19,Canon R5,Electronics,371.41,3
ORD-02993,2023-08-29,iPhone 15,Accessories,1952.46,1
ORD-02994,2023-07-21,iPad Air,Accessories,7228.04,5
ORD-02995,2024-09-01,Samsung S24,Accessories,1836.42,3
ORD-02996,2023-03-13,MacBook Pro,Accessories,739.84,1
ORD-02997,2024-02-02,MacBook Pro,Camera,4876.61,3
ORD-02998,2024-01-01,iPhone 15,Accessories,1889.9,1
ORD-02999,2024-01-07,Samsung S24,Camera,636.82,1
ORD-03000,2023-05-27,DJI Mini 4,Electronics,2086.47,3
ORD-03001,2023-01-22,Dell XPS 13,Electronics,877.56,2
ORD-03002,2023-02-15,Nikon Z6,Electronics,1313.01,2
ORD-03003,2024-11-24,Sony WH-1000,Electronics,3606.19,4
ORD-03004,2024-09-10,iPad Air,Electronics,6026.04,4
ORD-03005,2024-08-05,MacBook Pro,Electronics,7889.15,4
ORD-03006,2023-04-06,Canon R5,Accessories,6438.02,4
ORD-03007,2024-12-30,Nikon Z6,Accessories,518.04,1
ORD-03008,2023-10-24,DJI Mini 4,Camera,2455.56,2
ORD-03009,2023-09-10,Samsung S24,Electronics,5557.05,3
ORD-03010,2023-07-26,Sony WH-1000,Electronics,4568.31,5
ORD-03011,2024-02-20,MacBook Pro,Camera,9624.99,5
ORD-03012,2023-09-05,Galaxy Tab,Electronics,3272.62,4
ORD-03013,2024-08-25,iPad Air,Camera,1198.58,1
ORD-03014,2024-08-10,DJI Mini 4,Electronics,9126.81,5
ORD-03015,2023-01-07,Samsung S24,Electronics,2416.73,5
ORD-03016,2023-12-20,Sony WH-1000,Camera,440.39,1
ORD-03017,2023-07-29,Samsung S24,Camera,4725.07,4
ORD-03018,2024-12-10,DJI Mini 4,Accessories,7557.91,4
ORD-03019,2023-04-16,Dell XPS 13,Accessories,5028.67,4
ORD-03020,2023-10-23,DJI Mini 4,Electronics,1373.64,1
ORD-03021,2023-07-03,DJI Mini 4,Electronics,5598.1,3
ORD-03022,2024-05-26,Samsung S24,Accessories,5061.0,4
ORD-03023,2023-01-14,Samsung S24,Accessories,5319.03,5
ORD-03024,2023-04-30,iPad Air,Camera,9956.0,5
ORD-03025,2023-09-04,Sony WH-1000,Electronics,1798.15,5
ORD-03026,2023-08-17,DJI Mini 4,Camera,484.24,1
ORD-03027,2023-03-02,MacBook Pro,Accessories,284.86,1
ORD-03028,2023-05-31,Galaxy Tab,Camera,9744.77,5
ORD-03029,2024-04-19,MacBook Pro,Camera,5385.76,4
ORD-03030,2023-01-31,Dell XPS 13,Accessories,8015.28,5
ORD-03031,2024-07-02,Dell XPS 13,Camera,1338.81,1
ORD-03032,2024-11-20,Dell XPS 13,Accessories,1395.04,3
ORD-03033,2023-11-13,Sony WH-1000,Camera,1516.81,2
ORD-03034,2023-12-18,MacBook Pro,Camera,1948.22,3
ORD-03035,2023-10-27,Samsung S24,Electronics,7389.68,5
ORD-03036,2023-09-25,Galaxy Tab,Accessories,5193.56,4
ORD-03037,2024-04-23,Canon R5,Camera,721.18,2
ORD-03038,2023-10-17,Dell XPS 13,Accessories,709.97,4
ORD-03039,2024-04-30,Canon R5,Accessories,4455.97,4
ORD-03040,2024-07-05,Canon R5,Accessories,8810.9,5
ORD-03041,2024-01-20,MacBook Pro,Camera,3357.6,2
ORD-03042,2023-04-03,Canon R5,Camera,5406.0,5
ORD-03043,2023-03-03,DJI Mini 4,Electronics,3701.61,4
ORD-03044,2024-01-29,iPhone 15,Electronics,1906.02,3
ORD-03045,2023-03-15,iPad Air,Accessories,5205.19,3
ORD-03046,2023-04-25,Dell XPS 13,Electronics,2584.5,3
ORD-03047,2023-02-15,Samsung S24,Accessories,370.71,1
ORD-03048,2024-06-02,Sony WH-1000,Electronics,1370.14,3
ORD-03049,2023-03-14,Sony WH-1000,Accessories,1920.76,2
ORD-03050,2023-03-03,DJI Mini 4,Accessories,7555.96,5
ORD-03051,2024-06-16,iPad Air,Accessories,4515.54,3
ORD-03052,2024-02-20,Samsung S24,Electronics,7249.91,5
ORD-03053,2024-04-16,Galaxy Tab,Electronics,2963.95,2
ORD-03054,2024-07-27,Sony WH-1000,Camera,295.06,1
ORD-03055,2023-09-09,MacBook Pro,Accessories,786.98,5
ORD-03056,2023-11-17,Nikon Z6,Camera,1229.74,2
ORD-03057,2023-07-13,Samsung S24,Electronics,2060.2,3
ORD-03058,2024-12-31,iPhone 15,Camera,4780.87,4
ORD-03059,2024-06-27,iPad Air,Electronics,708.03,4
ORD-03060,2023-08-02,Galaxy Tab,Camera,5430.09,3
ORD-03061,2023-04-01,MacBook Pro,Accessories,617.56,2
ORD-03062,2023-11-22,Canon R5,Accessories,7761.7,4
ORD-03063,2024-08-04,MacBook Pro,Camera,2425.7,5
ORD-03064,2023-03-17,Dell XPS 13,Electronics,5465.93,4
ORD-03065,2023-12-01,Samsung S24,Camera,1598.29,1
ORD-03066,2024-07-24,Sony WH-1000,Electronics,606.44,2
ORD-03067,2023-06-18,Sony WH-1000,Accessories,2585.62,3
ORD-03068,2024-08-02,Nikon Z6,Accessories,1541.87,3
ORD-03069,2023-05-14,Canon R5,Electronics,3584.42,2
ORD-03070,2024-10-14,Samsung S24,Electronics,5168.53,4
ORD-03071,2024-03-22,Sony WH-1000,Camera,1780.7,1
ORD-03072,2024-09-23,iPad Air,Camera,1225.77,1
ORD-03073,2023-03-29,DJI Mini 4,Accessories,2703.22,3
ORD-03074,2024-01-22,iPad Air,Camera,496.11,2
ORD-03075,2024-09-08,Canon R5,Camera,1746.08,5
ORD-03076,2023-07-23,iPhone 15,Camera,4486.87,4
ORD-03077,2024-12-04,Sony WH-1000,Camera,8827.21,5
ORD-03078,2023-01-14,Sony WH-1000,Accessories,2547.6,2
ORD-03079,2024-11-27,DJI Mini 4,Accessories,3482.17,2
ORD-03080,2023-09-21,Dell XPS 13,Camera,1038.72,2
ORD-03081,2023-08-15,Dell XPS 13,Electronics,1003.5,5
ORD-03082,2024-04-20,Nikon Z6,Accessories,100.94,1
ORD-03083,2023-07-01,Sony WH-1000,Accessories,3348.94,2
ORD-03084,2024-05-12,Dell XPS 13,Camera,1159.54,1
ORD-03085,2023-12-15,Galaxy Tab,Camera,9878.96,5
ORD-03086,2023-06-12,Samsung S24,Camera,6916.03,5
ORD-03087,2023-03-27,Dell XPS 13,Electronics,7145.94,5
ORD-03088,2023-12-09,iPad Air,Camera,652.47,3
ORD-03089,2023-08-31,Dell XPS 13,Accessories,3850.84,4
ORD-03090,2024-10-28,Dell XPS 13,Accessories,2374.06,3
ORD-03091,2023-01-26,Dell XPS 13,Accessories,4447.7,3
ORD-03092,2023-12-03,MacBook Pro,Camera,1784.14,3
ORD-03093,2024-09-17,Samsung S24,Camera,1963.5,1
ORD-03094,2024-02-19,MacBook Pro,Camera,558.75,3
ORD-03095,2024-09-09,Nikon Z6,Electronics,6575.91,5
ORD-03096,2023-11-23,Galaxy Tab,Accessories,934.67,2
ORD-03097,2023-08-15,Galaxy Tab,Accessories,3499.64,5
ORD-03098,2023-08-25,MacBook Pro,Camera,9919.94,5
ORD-03099,2024-03-05,Nikon Z6,Electronics,459.07,3
ORD-03100,2024-06-22,MacBook Pro,Accessories,2551.93,3
ORD-03101,2023-08-17,Nikon Z6,Electronics,3189.44,2
ORD-03102,2024-02-08,Dell XPS 13,Accessories,2911.71,2
ORD-03103,2023-06-18,Nikon Z6,Electronics,1788.51,1
ORD-03104,2024-06-17,DJI Mini 4,Electronics,1761.51,4
ORD-03105,2024-04-10,DJI Mini 4,Accessories,4416.57,4
ORD-03106,2023-01-15,Dell XPS 13,Accessories,925.4,2
ORD-03107,2023-12-25,MacBook Pro,Electronics,430.77,3
ORD-03108,2024-05-28,Dell XPS 13,Electronics,713.19,1
ORD-03109,2024-04-16,Galaxy Tab,Camera,5655.66,4
ORD-03110,2023-07-15,Nikon Z6,Camera,802.03,2
ORD-03111,2023-10-24,Dell XPS 13,Camera,2696.21,2
ORD-03112,2024-05-26,Galaxy Tab,Camera,7238.27,5
ORD-03113,2023-02-25,Canon R5,Accessories,5077.6,3
ORD-03114,2024-07-31,DJI Mini 4,Electronics,3979.31,3
ORD-03115,2024-01-05,Canon R5,Accessories,2757.46,5
ORD-03116,2024-05-06,DJI Mini 4,Accessories,6051.38,5
ORD-03117,2023-04-08,iPhone 15,Accessories,4812.64,4
ORD-03118,2024-03-06,Dell XPS 13,Accessories,5032.97,5
ORD-03119,2023-09-03,DJI Mini 4,Camera,1310.66,2
ORD-03120,2024-12-16,Nikon Z6,Electronics,541.5,4
ORD-03121,2024-02-28,Nikon Z6,Accessories,2751.42,3
ORD-03122,2023-06-15,Dell XPS 13,Electronics,6747.04,5
ORD-03123,2023-05-19,iPad Air,Camera,8685.73,5
ORD-03124,2023-10-22,DJI Mini 4,Camera,616.46,2
ORD-03125,2024-05-04,iPad Air,Accessories,1195.08,1
ORD-03126,2023-06-11,MacBook Pro,Electronics,402.25,3
ORD-03127,2023-12-04,Sony WH-1000,Electronics,7578.71,5
ORD-03128,2023-09-05,Sony WH-1000,Camera,3416.9,2
ORD-03129,2023-07-20,Canon R5,Camera,4422.83,4
ORD-03130,2023-03-26,Sony WH-1000,Electronics,1940.1,1
ORD-03131,2023-02-24,Canon R5,Accessories,7953.63,4
ORD-03132,2024-08-10,Samsung S24,Accessories,2013.21,5
ORD-03133,2023-03-21,Samsung S24,Camera,6490.37,4
ORD-03134,2024-03-05,Galaxy Tab,Camera,8206.24,5
ORD-03135,2023-10-04,Samsung S24,Electronics,2010.77,5
ORD-03136,2023-09-14,MacBook Pro,Accessories,4830.39,5
ORD-03137,2023-12-18,Nikon Z6,Electronics,1438.64,1
ORD-03138,2023-01-09,iPhone 15,Accessories,1404.61,2
ORD-03139,2024-05-18,Sony WH-1000,Electronics,1284.74,1
ORD-03140,2023-09-09,Samsung S24,Accessories,4023.03,3
ORD-03141,2023-10-11,Canon R5,Camera,1619.58,3
ORD-03142,2023-04-12,MacBook Pro,Camera,1556.73,3
ORD-03143,2023-12-03,Galaxy Tab,Accessories,5943.01,5
ORD-03144,2024-03-12,Canon R5,Camera,3032.68,4
ORD-03145,2024-07-06,Samsung S24,Accessories,4773.24,5
ORD-03146,2024-05-17,Dell XPS 13,Electronics,4820.04,5
ORD-03147,2023-07-04,Nikon Z6,Electronics,722.15,2
ORD-03148,2024-08-15,Sony WH-1000,Accessories,2145.99,2
ORD-03149,2023-09-20,iPhone 15,Camera,8530.07,5
ORD-03150,2023-10-18,DJI Mini 4,Camera,9261.96,5
ORD-03151,2023-09-09,Dell XPS 13,Electronics,2388.5,5
ORD-03152,2023-11-07,Galaxy Tab,Electronics,507.13,1
ORD-03153,2023-03-14,Samsung S24,Camera,4406.34,3
ORD-03154,2023-07-24,DJI Mini 4,Camera,5151.29,3
ORD-03155,2023-08-15,Dell XPS 13,Accessories,4585.05,4
ORD-03156,2024-01-30,DJI Mini 4,Camera,3691.75,3
ORD-03157,2024-12-05,iPhone 15,Electronics,654.68,1
ORD-03158,2024-03-26,iPhone 15,Electronics,1251.82,1
ORD-03159,2023-11-19,Galaxy Tab,Electronics,3419.54,2
ORD-03160,2023-02-23,iPad Air,Accessories,1124.01,2
ORD-03161,2024-10-04,Dell XPS 13,Accessories,754.77,1
ORD-03162,2023-09-20,Galaxy Tab,Camera,3234.02,4
ORD-03163,2023-10-11,Sony WH-1000,Camera,5009.34,4
ORD-03164,2023-11-20,iPhone 15,Electronics,1251.44,1
ORD-03165,2023-09-01,Galaxy Tab,Camera,5236.94,4
ORD-03166,2023-03-06,Sony WH-1000,Electronics,3200.96,5
ORD-03167,2023-03-25,Samsung S24,Camera,2910.96,5
ORD-03168,2023-02-11,DJI Mini 4,Accessories,1903.9,1
ORD-03169,2023-09-17,Canon R5,Accessories,1390.84,1
ORD-03170,2023-06-10,iPhone 15,Camera,1605.34,1
ORD-03171,2024-04-16,Dell XPS 13,Electronics,3789.31,3
ORD-03172,2024-03-21,iPad Air,Electronics,640.41,4
ORD-03173,2023-01-09,Sony WH-1000,Accessories,800.38,5
ORD-03174,2024-06-27,iPhone 15,Camera,2007.48,4
ORD-03175,2024-08-02,Canon R5,Accessories,2359.6,4
ORD-03176,2024-10-28,Nikon Z6,Accessories,1114.14,2
ORD-03177,2024-06-27,MacBook Pro,Camera,459.54,3
ORD-03178,2023-02-27,Samsung S24,Camera,4701.73,3
ORD-03179,2023-03-19,Samsung S24,Camera,3736.89,2
ORD-03180,2023-06-27,iPhone 15,Camera,3046.07,3
ORD-03181,2023-10-10,Sony WH-1000,Accessories,2826.51,3
ORD-03182,2023-06-20,Samsung S24,Camera,419.79,1
ORD-03183,2023-06-19,MacBook Pro,Camera,5338.33,4
ORD-03184,2024-02-12,Sony WH-1000,Camera,4578.92,3
ORD-03185,2023-08-18,MacBook Pro,Electronics,554.81,1
ORD-03186,2023-05-12,Samsung S24,Electronics,3956.42,2
ORD-03187,2023-01-09,iPad Air,Camera,461.28,2
ORD-03188,2023-06-09,Canon R5,Accessories,4561.6,4
ORD-03189,2024-11-03,Canon R5,Camera,3083.62,3
ORD-03190,2024-04-18,Dell XPS 13,Camera,1624.27,1
ORD-03191,2023-08-10,iPad Air,Camera,1571.76,1
ORD-03192,2023-12-23,Galaxy Tab,Accessories,465.77,1
ORD-03193,2024-05-24,Samsung S24,Camera,6785.06,5
ORD-03194,2024-01-20,Sony WH-1000,Electronics,5529.46,3
ORD-03195,2023-08-17,Samsung S24,Accessories,734.23,2
ORD-03196,2024-11-06,iPhone 15,Accessories,4695.14,3
ORD-03197,2024-03-17,Sony WH-1000,Electronics,7719.98,4
ORD-03198,2024-01-19,iPhone 15,Camera,9184.32,5
ORD-03199,2023-12-17,Dell XPS 13,Electronics,5311.58,3
ORD-03200,2023-04-21,DJI Mini 4,Electronics,1270.75,2
ORD-03201,2024-08-21,Canon R5,Camera,1179.79,1
ORD-03202,2023-04-21,Sony WH-1000,Camera,1049.34,2
ORD-03203,2024-06-21,MacBook Pro,Electronics,1149.44,1
ORD-03204,2023-05-07,Sony WH-1000,Accessories,7206.19,4
ORD-03205,2023-02-22,Dell XPS 13,Camera,1841.59,3
ORD-03206,2023-03-10,iPad Air,Accessories,2333.24,5
ORD-03207,2024-10-29,Samsung S24,Electronics,3468.3,2
ORD-03208,2023-06-07,iPhone 15,Electronics,4573.42,4
ORD-03209,2023-10-26,iPhone 15,Camera,1804.57,2
ORD-03210,2024-11-21,Samsung S24,Accessories,2517.89,5
ORD-03211,2023-08-07,Samsung S24,Electronics,1299.38,2
ORD-03212,2024-01-28,Dell XPS 13,Electronics,266.57,1
ORD-03213,2023-02-12,Nikon Z6,Accessories,3567.12,3
ORD-03214,2023-09-29,Nikon Z6,Camera,464.41,1
ORD-03215,2023-11-17,Canon R5,Accessories,3121.52,2
ORD-03216,2024-02-27,Samsung S24,Accessories,1442.03,1
ORD-03217,2023-04-09,Canon R5,Electronics,1037.6,1
ORD-03218,2024-04-03,Samsung S24,Camera,2551.01,5
ORD-03219,2023-07-25,Galaxy Tab,Camera,1437.66,1
ORD-03220,2023-07-15,Galaxy Tab,Camera,5107.04,5
ORD-03221,2023-08-19,iPad Air,Electronics,6301.37,4
ORD-03222,2024-03-03,Sony WH-1000,Camera,2057.75,5
ORD-03223,2024-05-09,Galaxy Tab,Electronics,1962.52,1
ORD-03224,2024-11-25,Samsung S24,Electronics,2985.64,3
ORD-03225,2024-09-28,MacBook Pro,Electronics,5942.09,4
ORD-03226,2024-06-08,Nikon Z6,Electronics,5686.19,3
ORD-03227,2024-07-08,iPhone 15,Accessories,3256.8,2
ORD-03228,2023-04-14,iPad Air,Accessories,2547.72,2
ORD-03229,2023-03-30,iPad Air,Electronics,3019.82,4
ORD-03230,2023-07-30,iPad Air,Camera,986.45,4
ORD-03231,2023-07-01,MacBook Pro,Accessories,2925.61,3
ORD-03232,2023-01-13,DJI Mini 4,Camera,859.14,3
ORD-03233,2023-07-09,Canon R5,Accessories,610.3,1
ORD-03234,2023-04-15,DJI Mini 4,Electronics,4560.26,4
ORD-03235,2023-01-24,iPhone 15,Accessories,773.5,2
ORD-03236,2023-09-27,iPhone 15,Accessories,1446.09,3
ORD-03237,2023-12-17,iPhone 15,Accessories,5932.62,3
ORD-03238,2023-05-08,MacBook Pro,Accessories,5861.73,5
ORD-03239,2023-05-23,Dell XPS 13,Electronics,1857.64,2
ORD-03240,2024-04-23,Dell XPS 13,Electronics,1201.64,5
ORD-03241,2024-02-25,Sony WH-1000,Electronics,539.38,2
ORD-03242,2023-02-11,iPad Air,Accessories,1724.65,2
ORD-03243,2023-12-25,iPad Air,Accessories,1341.7,3
ORD-03244,2023-06-04,Sony WH-1000,Camera,1465.71,5
ORD-03245,2024-03-07,Sony WH-1000,Electronics,3139.76,2
ORD-03246,2023-05-22,Nikon Z6,Camera,1013.76,3
ORD-03247,2024-12-26,Canon R5,Camera,2933.79,2
ORD-03248,2024-06-16,Galaxy Tab,Accessories,3102.85,3
ORD-03249,2023-04-29,iPhone 15,Accessories,306.62,3
ORD-03250,2024-01-06,Sony WH-1000,Accessories,4463.76,4
ORD-03251,2023-09-01,Canon R5,Electronics,1748.34,2
ORD-03252,2023-10-15,Sony WH-1000,Electronics,8685.44,5
ORD-03253,2024-08-14,Dell XPS 13,Camera,4114.76,4
ORD-03254,2023-05-23,MacBook Pro,Electronics,1225.66,2
ORD-03255,2023-04-19,Dell XPS 13,Camera,226.4,1
ORD-03256,2023-06-24,Galaxy Tab,Accessories,8797.04,5
ORD-03257,2024-09-10,iPhone 15,Camera,642.78,1
ORD-03258,2024-07-16,Dell XPS 13,Electronics,3383.16,3
ORD-03259,2024-12-10,Sony WH-1000,Accessories,2042.95,4
ORD-03260,2023-12-26,DJI Mini 4,Accessories,1519.73,1
ORD-03261,2024-01-28,Canon R5,Electronics,3358.9,2
ORD-03262,2023-02-16,iPhone 15,Accessories,3581.74,3
ORD-03263,2023-09-23,Samsung S24,Accessories,677.64,3
ORD-03264,2023-01-25,Dell XPS 13,Electronics,2772.69,3
ORD-03265,2024-05-12,MacBook Pro,Electronics,330.93,1
ORD-03266,2023-10-12,iPad Air,Electronics,5990.04,3
ORD-03267,2023-12-20,Canon R5,Camera,351.99,1
ORD-03268,2024-03-10,iPad Air,Camera,4466.15,3
ORD-03269,2024-09-15,Sony WH-1000,Accessories,1454.58,1
ORD-03270,2024-12-05,Nikon Z6,Accessories,6091.26,4
ORD-03271,2023-12-10,DJI Mini 4,Electronics,2669.41,2
ORD-03272,2024-05-13,DJI Mini 4,Electronics,495.22,1
ORD-03273,2023-05-26,Samsung S24,Accessories,1118.17,4
ORD-03274,2023-07-11,MacBook Pro,Accessories,2427.98,4
ORD-03275,2023-09-19,Galaxy Tab,Accessories,1682.97,4
ORD-03276,2023-09-17,Nikon Z6,Camera,5916.81,3
ORD-03277,2023-12-17,Galaxy Tab,Camera,1806.69,1
ORD-03278,2023-10-25,Galaxy Tab,Electronics,548.55,2
ORD-03279,2024-03-22,Dell XPS 13,Electronics,4393.17,3
ORD-03280,2024-03-02,DJI Mini 4,Electronics,2986.47,3
ORD-03281,2023-04-28,Dell XPS 13,Electronics,9092.3,5
ORD-03282,2024-05-07,Samsung S24,Accessories,815.15,1
ORD-03283,2023-06-22,Sony WH-1000,Accessories,148.56,1
ORD-03284,2023-02-15,Samsung S24,Camera,5918.78,4
ORD-03285,2024-08-02,iPhone 15,Electronics,1676.35,4
ORD-03286,2024-03-18,Sony WH-1000,Accessories,1872.21,1
ORD-03287,2023-04-13,iPhone 15,Electronics,1301.2,2
ORD-03288,2023-05-27,Dell XPS 13,Camera,4838.54,5
ORD-03289,2024-05-02,MacBook Pro,Camera,1727.91,1
ORD-03290,2023-01-16,iPad Air,Electronics,4214.39,4
ORD-03291,2024-03-02,DJI Mini 4,Accessories,1582.6,4
ORD-03292,2024-08-23,Galaxy Tab,Camera,1963.87,3
ORD-03293,2023-12-05,Canon R5,Accessories,348.31,2
ORD-03294,2023-04-13,Samsung S24,Accessories,2723.58,5
ORD-03295,2024-03-04,Nikon Z6,Accessories,1457.66,4
ORD-03296,2024-08-01,Dell XPS 13,Camera,5416.96,4
ORD-03297,2024-01-18,iPhone 15,Camera,5195.88,5
ORD-03298,2023-03-27,MacBook Pro,Electronics,1338.09,1
ORD-03299,2024-05-19,iPad Air,Accessories,240.17,1
ORD-03300,2023-03-26,Nikon Z6,Camera,718.58,1
ORD-03301,2024-02-21,Samsung S24,Electronics,2379.85,2
ORD-03302,2023-03-06,Dell XPS 13,Accessories,1075.31,1
ORD-03303,2023-03-13,MacBook Pro,Accessories,6954.33,5
ORD-03304,2024-06-08,MacBook Pro,Camera,5124.39,5
ORD-03305,2024-08-30,MacBook Pro,Accessories,1791.33,4
ORD-03306,2023-12-19,Galaxy Tab,Electronics,4827.61,3
ORD-03307,2023-08-29,iPhone 15,Camera,3704.8,2
ORD-03308,2023-08-05,MacBook Pro,Accessories,2696.46,3
ORD-03309,2024-12-30,Dell XPS 13,Accessories,3061.99,4
ORD-03310,2023-06-27,Samsung S24,Electronics,2370.2,3
ORD-03311,2023-01-16,Samsung S24,Camera,6139.73,5
ORD-03312,2024-11-16,DJI Mini 4,Electronics,8275.46,5
ORD-03313,2023-07-06,MacBook Pro,Accessories,3587.16,3
ORD-03314,2023-01-07,Nikon Z6,Camera,1551.59,1
ORD-03315,2023-10-10,iPad Air,Electronics,6271.86,5
ORD-03316,2024-02-29,iPad Air,Electronics,9001.57,5
ORD-03317,2023-08-05,Sony WH-1000,Camera,1997.6,1
ORD-03318,2023-08-06,MacBook Pro,Camera,2383.31,4
ORD-03319,2023-04-05,Galaxy Tab,Accessories,3633.6,2
ORD-03320,2023-07-31,MacBook Pro,Camera,9830.62,5
ORD-03321,2023-02-06,DJI Mini 4,Electronics,3417.41,3
ORD-03322,2023-07-05,Dell XPS 13,Camera,1560.53,2
ORD-03323,2023-05-07,Canon R5,Camera,2904.94,5
ORD-03324,2024-11-24,MacBook Pro,Camera,1372.51,1
ORD-03325,2024-08-21,Sony WH-1000,Accessories,1978.69,2
ORD-03326,2023-06-12,DJI Mini 4,Electronics,325.65,2
ORD-03327,2024-03-28,Galaxy Tab,Electronics,1929.62,2
ORD-03328,2023-06-20,Sony WH-1000,Accessories,3325.67,5
ORD-03329,2023-01-13,Dell XPS 13,Camera,608.98,1
ORD-03330,2023-02-17,Nikon Z6,Camera,1085.73,2
ORD-03331,2023-11-14,DJI Mini 4,Electronics,5278.48,3
ORD-03332,2024-01-26,Galaxy Tab,Camera,2454.37,3
ORD-03333,2023-06-13,Samsung S24,Accessories,1219.85,2
ORD-03334,2023-01-23,Galaxy Tab,Electronics,3054.51,4
ORD-03335,2023-07-29,iPhone 15,Accessories,4486.08,3
ORD-03336,2024-09-25,Canon R5,Electronics,293.46,1
ORD-03337,2024-12-03,MacBook Pro,Electronics,6784.26,5
ORD-03338,2023-09-03,DJI Mini 4,Electronics,1692.01,4
ORD-03339,2024-07-10,MacBook Pro,Accessories,5847.42,5
ORD-03340,2023-11-09,MacBook Pro,Electronics,1901.69,3
ORD-03341,2024-02-21,Samsung S24,Accessories,1279.55,1
ORD-03342,2023-12-20,Canon R5,Electronics,6130.46,4
ORD-03343,2024-09-05,Galaxy Tab,Camera,671.37,2
ORD-03344,2024-09-18,Sony WH-1000,Camera,1435.96,3
ORD-03345,2023-02-17,iPhone 15,Camera,5126.85,4
ORD-03346,2023-10-03,MacBook Pro,Camera,4101.08,5
ORD-03347,2024-07-20,iPad Air,Camera,1599.68,4
ORD-03348,2023-08-24,DJI Mini 4,Camera,6925.67,5
ORD-03349,2024-02-04,DJI Mini 4,Camera,1690.92,3
ORD-03350,2023-08-27,MacBook Pro,Camera,5937.02,5
ORD-03351,2023-02-10,Galaxy Tab,Accessories,7677.83,4
ORD-03352,2023-09-14,Galaxy Tab,Camera,2408.6,3
ORD-03353,2023-10-10,iPhone 15,Electronics,7150.3,4
ORD-03354,2023-07-18,Nikon Z6,Camera,1258.29,4
ORD-03355,2024-07-22,Dell XPS 13,Camera,5605.95,3
ORD-03356,2023-01-02,Nikon Z6,Electronics,1848.28,2
ORD-03357,2024-01-22,Galaxy Tab,Electronics,7064.88,5
ORD-03358,2023-08-21,Galaxy Tab,Electronics,3237.53,3
ORD-03359,2023-06-02,iPad Air,Camera,5953.35,3
ORD-03360,2023-12-10,iPad Air,Camera,3504.97,2
ORD-03361,2023-01-31,Sony WH-1000,Electronics,6728.71,4
ORD-03362,2024-04-03,Galaxy Tab,Accessories,3034.21,5
ORD-03363,2023-11-24,iPad Air,Electronics,1220.86,5
ORD-03364,2023-12-21,DJI Mini 4,Accessories,1393.16,1
ORD-03365,2023-08-08,Galaxy Tab,Electronics,1306.76,1
ORD-03366,2024-08-30,iPad Air,Electronics,5112.22,3
ORD-03367,2023-07-06,iPhone 15,Accessories,1162.13,1
ORD-03368,2023-10-01,Samsung S24,Camera,1684.86,1
ORD-03369,2024-09-09,MacBook Pro,Electronics,2285.68,2
ORD-03370,2023-06-09,MacBook Pro,Accessories,1572.46,1
ORD-03371,2023-11-20,Dell XPS 13,Electronics,1194.97,1
ORD-03372,2023-08-24,iPhone 15,Electronics,3134.13,2
ORD-03373,2023-07-28,iPhone 15,Electronics,2949.24,2
ORD-03374,2023-08-17,Dell XPS 13,Accessories,5735.39,3
ORD-03375,2023-01-10,Galaxy Tab,Electronics,2911.32,2
ORD-03376,2024-01-26,Samsung S24,Camera,3645.8,2
ORD-03377,2024-03-26,Galaxy Tab,Electronics,7376.18,5
ORD-03378,2023-05-31,Nikon Z6,Camera,3634.17,2
ORD-03379,2024-03-26,Canon R5,Camera,1544.84,1
ORD-03380,2024-11-16,Canon R5,Camera,2995.29,2
ORD-03381,2023-07-22,Samsung S24,Camera,1906.33,5
ORD-03382,2023-02-15,Galaxy Tab,Accessories,1026.33,5
ORD-03383,2023-01-22,Galaxy Tab,Electronics,3189.09,2
ORD-03384,2023-09-11,iPhone 15,Electronics,6681.54,4
ORD-03385,2024-07-29,DJI Mini 4,Camera,2389.75,5
ORD-03386,2023-10-06,Samsung S24,Electronics,5961.88,3
ORD-03387,2024-09-30,Galaxy Tab,Camera,1508.18,1
ORD-03388,2024-08-29,MacBook Pro,Electronics,5153.61,3
ORD-03389,2023-07-13,DJI Mini 4,Camera,545.24,2
ORD-03390,2023-03-30,Galaxy Tab,Electronics,2540.02,2
ORD-03391,2023-02-06,MacBook Pro,Camera,6696.45,5
ORD-03392,2023-02-05,Dell XPS 13,Camera,2911.18,5
ORD-03393,2023-12-24,Dell XPS 13,Camera,5647.08,4
ORD-03394,2023-05-13,Samsung S24,Accessories,2460.54,3
ORD-03395,2023-01-21,Canon R5,Camera,685.66,2
ORD-03396,2023-07-27,Canon R5,Camera,3056.52,4
ORD-03397,2023-05-02,DJI Mini 4,Electronics,5909.14,5
ORD-03398,2023-10-04,Nikon Z6,Electronics,1741.61,1
ORD-03399,2023-09-23,iPad Air,Camera,375.71,1
ORD-03400,2023-12-30,Canon R5,Accessories,5855.82,5
ORD-03401,2023-07-05,Nikon Z6,Accessories,1085.01,3
ORD-03402,2024-11-10,Sony WH-1000,Camera,7434.24,4
ORD-03403,2024-10-04,Nikon Z6,Electronics,1797.73,1
ORD-03404,2023-05-02,DJI Mini 4,Accessories,673.91,4
ORD-03405,2023-03-19,Dell XPS 13,Electronics,667.52,1
ORD-03406,2023-02-03,DJI Mini 4,Electronics,1881.16,1
ORD-03407,2023-08-13,Nikon Z6,Electronics,4937.2,5
ORD-03408,2023-11-09,DJI Mini 4,Accessories,776.36,3
ORD-03409,2024-10-09,iPhone 15,Camera,224.66,1
ORD-03410,2023-03-18,iPad Air,Camera,919.38,2
ORD-03411,2023-09-19,Sony WH-1000,Accessories,4699.07,5
ORD-03412,2024-01-30,Samsung S24,Electronics,5501.18,4
ORD-03413,2023-06-22,DJI Mini 4,Accessories,1506.06,3
ORD-03414,2024-04-28,iPad Air,Accessories,2542.98,3
ORD-03415,2023-04-18,Canon R5,Electronics,3226.64,3
ORD-03416,2024-05-11,iPhone 15,Camera,2426.24,2
ORD-03417,2023-05-22,iPhone 15,Electronics,3938.35,2
ORD-03418,2023-10-01,Nikon Z6,Accessories,682.79,5
ORD-03419,2023-04-30,Dell XPS 13,Accessories,1193.7,3
ORD-03420,2024-04-29,iPhone 15,Electronics,1672.5,5
ORD-03421,2023-06-18,DJI Mini 4,Electronics,8433.05,5
ORD-03422,2023-08-22,DJI Mini 4,Camera,7619.29,5
ORD-03423,2024-12-10,Samsung S24,Electronics,1216.14,1
ORD-03424,2023-02-19,MacBook Pro,Camera,1964.64,1
ORD-03425,2023-05-18,iPhone 15,Electronics,7826.4,5
ORD-03426,2024-11-22,Nikon Z6,Accessories,1056.62,5
ORD-03427,2024-04-17,MacBook Pro,Camera,3828.6,3
ORD-03428,2023-10-02,Dell XPS 13,Electronics,3148.91,4
ORD-03429,2024-10-13,Dell XPS 13,Electronics,7458.52,5
ORD-03430,2023-02-26,Sony WH-1000,Electronics,5568.76,5
ORD-03431,2023-03-03,DJI Mini 4,Accessories,2494.27,2
ORD-03432,2023-06-25,Dell XPS 13,Camera,5331.04,5
ORD-03433,2023-07-09,Samsung S24,Camera,4790.58,4
ORD-03434,2024-05-14,Samsung S24,Electronics,3544.55,3
ORD-03435,2023-05-05,Canon R5,Electronics,3964.63,5
ORD-03436,2023-11-09,iPhone 15,Electronics,1973.11,3
ORD-03437,2023-07-12,Galaxy Tab,Accessories,223.91,1
ORD-03438,2024-08-25,MacBook Pro,Camera,2232.84,2
ORD-03439,2024-12-23,Dell XPS 13,Accessories,4319.89,3
ORD-03440,2023-04-26,DJI Mini 4,Camera,172.99,1
ORD-03441,2024-08-13,iPad Air,Electronics,9531.64,5
ORD-03442,2023-06-18,iPhone 15,Accessories,334.28,1
ORD-03443,2023-10-02,DJI Mini 4,Electronics,1281.56,1
ORD-03444,2023-06-28,Canon R5,Accessories,5276.08,5
ORD-03445,2023-08-11,Nikon Z6,Accessories,7314.32,5
ORD-03446,2024-09-24,Galaxy Tab,Camera,4724.41,4
ORD-03447,2023-05-26,Nikon Z6,Electronics,1986.42,3
ORD-03448,2023-02-18,Galaxy Tab,Camera,2411.04,2
ORD-03449,2023-10-12,MacBook Pro,Accessories,958.26,1
ORD-03450,2024-10-18,DJI Mini 4,Accessories,2300.63,5
ORD-03451,2023-08-09,DJI Mini 4,Accessories,1772.69,5
ORD-03452,2023-10-03,Dell XPS 13,Accessories,7058.75,5
ORD-03453,2023-01-01,iPhone 15,Accessories,3565.86,5
ORD-03454,2023-07-26,Canon R5,Accessories,544.18,1
ORD-03455,2023-07-19,Canon R5,Camera,3096.66,3
ORD-03456,2023-10-26,Galaxy Tab,Electronics,7892.18,5
ORD-03457,2024-08-05,Samsung S24,Electronics,809.57,1
ORD-03458,2024-10-27,DJI Mini 4,Electronics,4259.23,3
ORD-03459,2024-11-12,Canon R5,Electronics,1554.21,1
ORD-03460,2023-08-30,iPad Air,Camera,4288.89,4
ORD-03461,2023-11-04,iPad Air,Camera,4265.66,3
ORD-03462,2024-03-19,Dell XPS 13,Electronics,2061.57,2
ORD-03463,2024-04-04,iPad Air,Electronics,1800.85,1
ORD-03464,2023-12-14,Nikon Z6,Electronics,1406.65,1
ORD-03465,2023-10-21,MacBook Pro,Camera,3538.27,5
ORD-03466,2023-06-27,DJI Mini 4,Camera,2657.28,2
ORD-03467,2023-07-07,Galaxy Tab,Accessories,2696.88,4
ORD-03468,2023-11-18,iPhone 15,Accessories,765.15,3
ORD-03469,2023-01-01,Galaxy Tab,Camera,1923.52,5
ORD-03470,2023-11-08,Sony WH-1000,Camera,4126.52,3
ORD-03471,2023-08-16,Galaxy Tab,Electronics,338.14,3
ORD-03472,2023-06-05,Samsung S24,Electronics,125.01,1
ORD-03473,2024-06-24,Samsung S24,Electronics,5133.15,3
ORD-03474,2023-10-19,Dell XPS 13,Electronics,1589.65,1
ORD-03475,2024-04-12,Dell XPS 13,Accessories,434.29,1
ORD-03476,2023-06-09,iPad Air,Electronics,2126.79,3
ORD-03477,2023-05-01,Dell XPS 13,Electronics,692.76,4
ORD-03478,2024-10-03,iPad Air,Accessories,4108.97,4
ORD-03479,2023-06-08,MacBook Pro,Camera,3338.55,3
ORD-03480,2024-11-17,Dell XPS 13,Camera,4394.7,3
ORD-03481,2023-11-22,Canon R5,Electronics,3325.86,5
ORD-03482,2024-03-24,DJI Mini 4,Electronics,2242.51,3
ORD-03483,2023-07-23,Dell XPS 13,Camera,5742.73,3
ORD-03484,2023-02-25,Dell XPS 13,Accessories,408.77,2
ORD-03485,2024-10-12,Samsung S24,Camera,1418.51,1
ORD-03486,2024-04-17,iPhone 15,Accessories,1441.56,5
ORD-03487,2023-06-02,Canon R5,Camera,3239.31,5
ORD-03488,2024-11-27,iPad Air,Camera,284.16,1
ORD-03489,2023-01-22,MacBook Pro,Accessories,6470.52,5
ORD-03490,2024-05-23,Canon R5,Accessories,5687.4,4
ORD-03491,2024-06-13,Galaxy Tab,Accessories,3386.3,5
ORD-03492,2024-11-29,Canon R5,Accessories,4123.61,5
ORD-03493,2024-11-29,Dell XPS 13,Camera,1658.97,2
ORD-03494,2024-06-26,Dell XPS 13,Accessories,136.38,1
ORD-03495,2023-05-11,Galaxy Tab,Accessories,3164.62,3
ORD-03496,2024-02-21,Sony WH-1000,Camera,4554.29,3
ORD-03497,2024-12-27,Canon R5,Accessories,871.42,1
ORD-03498,2023-01-07,Dell XPS 13,Electronics,3573.48,3
ORD-03499,2023-10-22,iPad Air,Camera,5869.96,5
ORD-03500,2023-03-12,Samsung S24,Camera,4856.64,5
ORD-03501,2023-12-30,iPad Air,Electronics,3552.89,3
ORD-03502,2023-09-27,iPad Air,Accessories,1882.68,3
ORD-03503,2024-08-07,MacBook Pro,Electronics,455.98,1
ORD-03504,2023-05-16,Canon R5,Electronics,449.66,2
ORD-03505,2024-12-23,iPhone 15,Accessories,6012.5,5
ORD-03506,2023-11-22,Canon R5,Electronics,1996.82,1
ORD-03507,2024-03-30,Galaxy Tab,Electronics,1884.58,4
ORD-03508,2023-10-19,MacBook Pro,Camera,7023.61,5
ORD-03509,2023-05-23,Dell XPS 13,Accessories,5873.71,4
ORD-03510,2024-03-22,iPad Air,Accessories,7107.63,4
ORD-03511,2023-03-17,Dell XPS 13,Electronics,260.91,2
ORD-03512,2024-03-23,iPhone 15,Electronics,1212.06,5
ORD-03513,2023-05-10,Canon R5,Electronics,1236.37,3
ORD-03514,2023-07-17,Nikon Z6,Accessories,3334.5,4
ORD-03515,2023-03-31,iPad Air,Accessories,1170.18,1
ORD-03516,2024-04-09,Sony WH-1000,Electronics,7818.05,4
ORD-03517,2023-09-27,Canon R5,Electronics,982.14,2
ORD-03518,2024-11-21,Dell XPS 13,Electronics,1927.01,1
ORD-03519,2023-10-21,iPad Air,Electronics,540.79,4
ORD-03520,2024-07-26,Galaxy Tab,Accessories,501.97,1
ORD-03521,2023-02-10,Galaxy Tab,Camera,9974.05,5
ORD-03522,2024-07-02,Nikon Z6,Camera,7054.55,5
ORD-03523,2023-12-15,Samsung S24,Camera,1616.98,1
ORD-03524,2023-01-28,Galaxy Tab,Camera,3189.76,4
ORD-03525,2024-10-31,Dell XPS 13,Electronics,2539.24,4
ORD-03526,2023-10-17,iPad Air,Electronics,9746.96,5
ORD-03527,2023-01-15,Samsung S24,Accessories,3067.36,2
ORD-03528,2024-07-02,Canon R5,Accessories,4581.22,3
ORD-03529,2024-03-03,Canon R5,Electronics,759.82,3
ORD-03530,2024-07-03,DJI Mini 4,Accessories,1852.49,5
ORD-03531,2023-03-05,Canon R5,Electronics,773.13,5
ORD-03532,2023-04-13,Nikon Z6,Accessories,4171.49,5
ORD-03533,2024-10-17,Dell XPS 13,Camera,1598.33,1
ORD-03534,2023-07-02,MacBook Pro,Electronics,2713.73,3
ORD-03535,2023-11-25,Samsung S24,Electronics,861.87,1
ORD-03536,2023-10-06,iPad Air,Electronics,9284.94,5
ORD-03537,2023-04-26,Galaxy Tab,Electronics,3583.94,3
ORD-03538,2024-11-16,DJI Mini 4,Electronics,6806.97,5
ORD-03539,2023-11-05,Galaxy Tab,Electronics,3847.82,5
ORD-03540,2024-01-26,Nikon Z6,Accessories,1151.48,2
ORD-03541,2024-02-08,Nikon Z6,Accessories,7645.47,5
ORD-03542,2023-10-02,Dell XPS 13,Electronics,7280.63,5
ORD-03543,2024-02-08,Samsung S24,Accessories,1831.34,1
ORD-03544,2023-07-25,iPhone 15,Camera,3015.08,2
ORD-03545,2023-03-11,DJI Mini 4,Camera,4641.8,4
ORD-03546,2024-04-14,Samsung S24,Electronics,1197.21,2
ORD-03547,2024-04-06,Dell XPS 13,Electronics,2598.01,2
ORD-03548,2024-01-11,iPhone 15,Accessories,6985.75,4
ORD-03549,2023-11-27,MacBook Pro,Accessories,1399.35,3
ORD-03550,2023-01-03,iPhone 15,Accessories,2054.16,3
ORD-03551,2023-11-11,Nikon Z6,Electronics,1492.21,1
ORD-03552,2023-02-06,Galaxy Tab,Camera,1471.39,3
ORD-03553,2023-06-24,Galaxy Tab,Accessories,7080.85,5
ORD-03554,2023-02-12,MacBook Pro,Camera,466.9,1
ORD-03555,2023-11-27,iPhone 15,Electronics,1036.09,1
ORD-03556,2023-06-18,Dell XPS 13,Accessories,3977.83,4
ORD-03557,2024-10-27,iPhone 15,Accessories,1450.97,1
ORD-03558,2023-10-02,iPad Air,Accessories,1239.01,2
ORD-03559,2024-05-05,MacBook Pro,Camera,362.68,2
ORD-03560,2024-12-21,iPhone 15,Electronics,1192.03,1
ORD-03561,2023-06-01,Nikon Z6,Accessories,4915.07,3
ORD-03562,2023-10-14,Nikon Z6,Accessories,2872.07,3
ORD-03563,2024-07-25,Canon R5,Accessories,7589.74,5
ORD-03564,2024-01-09,Dell XPS 13,Camera,2409.46,5
ORD-03565,2024-06-05,iPhone 15,Accessories,7867.27,4
ORD-03566,2024-09-28,iPhone 15,Camera,1939.6,5
ORD-03567,2024-08-31,Nikon Z6,Accessories,2331.46,2
ORD-03568,2024-03-26,MacBook Pro,Accessories,496.0,2
ORD-03569,2024-11-17,Sony WH-1000,Electronics,4718.21,4
ORD-03570,2023-05-09,MacBook Pro,Accessories,2893.68,4
ORD-03571,2024-12-25,Sony WH-1000,Accessories,980.8,4
ORD-03572,2024-01-11,Canon R5,Electronics,1075.3,1
ORD-03573,2023-03-23,DJI Mini 4,Accessories,643.13,1
ORD-03574,2023-03-02,Canon R5,Electronics,827.1,1
ORD-03575,2023-12-23,Nikon Z6,Electronics,5642.15,5
ORD-03576,2023-05-15,Galaxy Tab,Electronics,2819.67,4
ORD-03577,2023-04-25,Nikon Z6,Electronics,7842.07,4
ORD-03578,2023-12-17,Galaxy Tab,Electronics,1014.24,2
ORD-03579,2023-03-22,iPhone 15,Accessories,1951.53,2
ORD-03580,2023-09-24,Dell XPS 13,Accessories,6153.62,4
ORD-03581,2023-11-24,Nikon Z6,Electronics,214.09,2
ORD-03582,2023-04-10,Sony WH-1000,Accessories,1882.28,3
ORD-03583,2024-07-21,Galaxy Tab,Electronics,845.83,4
ORD-03584,2023-08-25,Sony WH-1000,Camera,2873.67,3
ORD-03585,2023-11-19,iPhone 15,Accessories,635.59,5
ORD-03586,2023-06-07,Samsung S24,Accessories,5380.72,4
ORD-03587,2024-07-03,Nikon Z6,Camera,4930.91,3
ORD-03588,2023-08-27,Canon R5,Electronics,6084.14,5
ORD-03589,2024-10-11,Dell XPS 13,Electronics,2000.47,3
ORD-03590,2023-11-26,DJI Mini 4,Accessories,3599.03,3
ORD-03591,2024-10-06,Sony WH-1000,Accessories,1713.1,5
ORD-03592,2024-12-16,DJI Mini 4,Camera,467.07,1
ORD-03593,2024-09-04,Galaxy Tab,Camera,1241.83,2
ORD-03594,2023-10-03,Dell XPS 13,Electronics,1652.88,1
ORD-03595,2023-03-18,Dell XPS 13,Electronics,5908.3,3
ORD-03596,2023-09-23,Galaxy Tab,Camera,3048.9,2
ORD-03597,2023-08-27,Nikon Z6,Camera,814.09,3
ORD-03598,2023-07-13,iPad Air,Camera,7488.72,5
ORD-03599,2023-08-27,DJI Mini 4,Camera,6410.98,5
ORD-03600,2024-06-05,Galaxy Tab,Accessories,6081.34,5
ORD-03601,2023-05-11,iPhone 15,Accessories,490.81,2
ORD-03602,2024-12-22,iPhone 15,Electronics,144.84,1
ORD-03603,2023-01-29,Samsung S24,Accessories,3836.57,3
ORD-03604,2023-04-19,MacBook Pro,Electronics,3736.41,2
ORD-03605,2024-07-16,Galaxy Tab,Accessories,2174.11,2
ORD-03606,2023-01-28,MacBook Pro,Electronics,2149.09,3
ORD-03607,2024-02-18,Dell XPS 13,Camera,4768.22,4
ORD-03608,2024-08-03,Samsung S24,Accessories,5098.25,3
ORD-03609,2024-09-01,DJI Mini 4,Electronics,7356.85,4
ORD-03610,2024-08-21,MacBook Pro,Camera,1160.24,2
ORD-03611,2024-10-01,Dell XPS 13,Camera,1998.84,1
ORD-03612,2024-10-07,iPad Air,Accessories,694.52,1
ORD-03613,2024-04-22,Canon R5,Electronics,1565.1,5
ORD-03614,2024-12-31,Sony WH-1000,Accessories,1496.61,1
ORD-03615,2023-04-27,Sony WH-1000,Accessories,7437.4,4
ORD-03616,2023-11-11,iPad Air,Camera,1970.67,2
ORD-03617,2023-07-25,iPhone 15,Electronics,3115.01,2
ORD-03618,2024-08-27,iPad Air,Camera,5145.09,3
ORD-03619,2024-09-11,Samsung S24,Camera,5319.06,4
ORD-03620,2024-03-20,Sony WH-1000,Camera,2706.53,3
ORD-03621,2024-08-02,MacBook Pro,Electronics,5284.17,4
ORD-03622,2023-12-15,MacBook Pro,Camera,2710.58,2
ORD-03623,2024-05-15,Samsung S24,Electronics,2779.7,3
ORD-03624,2024-04-01,iPhone 15,Electronics,1731.91,3
ORD-03625,2023-01-28,Dell XPS 13,Electronics,1230.11,1
ORD-03626,2023-08-01,iPhone 15,Camera,5433.25,3
ORD-03627,2023-12-02,iPhone 15,Electronics,4346.72,4
ORD-03628,2023-05-07,Dell XPS 13,Camera,1062.67,5
ORD-03629,2024-04-23,Canon R5,Camera,114.95,1
ORD-03630,2024-09-01,Galaxy Tab,Accessories,1846.43,1
ORD-03631,2024-05-19,Galaxy Tab,Electronics,1043.35,1
ORD-03632,2023-02-15,Canon R5,Accessories,7371.85,5
ORD-03633,2023-05-08,Canon R5,Accessories,3692.57,3
ORD-03634,2023-05-23,MacBook Pro,Camera,1110.41,1
ORD-03635,2023-05-09,Nikon Z6,Camera,1693.55,1
ORD-03636,2024-04-04,Nikon Z6,Electronics,1681.1,2
ORD-03637,2023-02-11,Sony WH-1000,Accessories,3271.85,2
ORD-03638,2024-10-20,Nikon Z6,Camera,755.34,2
ORD-03639,2024-05-14,DJI Mini 4,Accessories,4821.25,3
ORD-03640,2023-12-26,Galaxy Tab,Camera,6856.28,4
ORD-03641,2024-02-23,Nikon Z6,Electronics,1976.99,3
ORD-03642,2023-11-11,Sony WH-1000,Accessories,650.07,5
ORD-03643,2023-08-04,Dell XPS 13,Camera,4195.27,3
ORD-03644,2024-01-19,Nikon Z6,Camera,6584.61,4
ORD-03645,2024-02-26,iPad Air,Electronics,3935.51,3
ORD-03646,2024-04-27,Canon R5,Accessories,2911.08,4
ORD-03647,2024-08-17,Dell XPS 13,Electronics,3866.05,3
ORD-03648,2024-06-12,Sony WH-1000,Camera,1458.07,2
ORD-03649,2023-03-15,iPad Air,Camera,3658.35,3
ORD-03650,2023-11-29,iPhone 15,Accessories,2740.84,4
ORD-03651,2024-07-27,DJI Mini 4,Accessories,8449.45,5
ORD-03652,2024-04-01,iPhone 15,Camera,560.76,3
ORD-03653,2023-07-01,Nikon Z6,Electronics,1859.3,1
ORD-03654,2024-05-19,iPad Air,Electronics,7683.37,4
ORD-03655,2023-07-24,MacBook Pro,Accessories,2712.4,2
ORD-03656,2023-02-08,Canon R5,Accessories,1648.85,1
ORD-03657,2024-03-14,MacBook Pro,Camera,3492.8,3
ORD-03658,2024-03-24,Nikon Z6,Accessories,5987.26,4
ORD-03659,2024-01-18,MacBook Pro,Camera,1396.98,3
ORD-03660,2023-08-30,DJI Mini 4,Camera,1876.67,5
ORD-03661,2023-03-25,Sony WH-1000,Camera,1937.64,1
ORD-03662,2023-10-02,DJI Mini 4,Electronics,5024.44,4
ORD-03663,2023-09-15,Canon R5,Camera,3080.83,3
ORD-03664,2023-02-05,DJI Mini 4,Accessories,2043.32,2
ORD-03665,2023-05-30,Canon R5,Camera,5768.07,3
ORD-03666,2024-02-16,iPad Air,Electronics,940.22,1
ORD-03667,2023-02-13,MacBook Pro,Accessories,5995.76,4
ORD-03668,2023-05-23,Nikon Z6,Electronics,528.96,1
ORD-03669,2023-05-25,Nikon Z6,Camera,2954.56,2
ORD-03670,2024-03-21,iPad Air,Electronics,4829.11,3
ORD-03671,2023-12-30,Samsung S24,Accessories,2322.28,3
ORD-03672,2023-12-12,Galaxy Tab,Camera,1822.0,1
ORD-03673,2024-03-02,MacBook Pro,Accessories,674.38,2
ORD-03674,2024-01-16,Dell XPS 13,Camera,2046.89,5
ORD-03675,2023-03-04,Galaxy Tab,Camera,2349.52,3
ORD-03676,2023-02-19,iPhone 15,Electronics,5809.25,3
ORD-03677,2023-10-19,Dell XPS 13,Electronics,1588.77,2
ORD-03678,2023-07-19,iPad Air,Camera,2669.35,4
ORD-03679,2023-03-06,Dell XPS 13,Camera,700.85,1
ORD-03680,2024-01-26,Galaxy Tab,Electronics,822.84,1
ORD-03681,2024-06-15,DJI Mini 4,Camera,850.73,2
ORD-03682,2023-12-22,Nikon Z6,Camera,1927.18,4
ORD-03683,2024-02-26,Sony WH-1000,Accessories,5510.63,4
ORD-03684,2023-05-09,DJI Mini 4,Camera,3988.33,2
ORD-03685,2024-02-10,Galaxy Tab,Electronics,1510.42,5
ORD-03686,2023-03-16,Sony WH-1000,Camera,3175.25,3
ORD-03687,2024-03-04,iPhone 15,Electronics,2533.55,2
ORD-03688,2023-04-23,Sony WH-1000,Accessories,4395.64,3
ORD-03689,2024-08-29,MacBook Pro,Camera,330.74,1
ORD-03690,2023-12-06,Sony WH-1000,Accessories,6269.79,5
ORD-03691,2023-01-26,MacBook Pro,Accessories,2027.68,2
ORD-03692,2023-02-09,MacBook Pro,Camera,4509.82,4
ORD-03693,2023-10-18,Samsung S24,Accessories,745.29,1
ORD-03694,2024-12-06,Nikon Z6,Camera,669.82,1
ORD-03695,2023-11-12,Samsung S24,Electronics,979.57,2
ORD-03696,2024-08-17,iPad Air,Camera,1259.27,5
ORD-03697,2024-12-08,MacBook Pro,Accessories,6316.09,5
ORD-03698,2023-06-27,Dell XPS 13,Camera,605.81,2
ORD-03699,2024-07-04,DJI Mini 4,Electronics,4727.29,5
ORD-03700,2023-03-05,MacBook Pro,Camera,2293.49,3
ORD-03701,2023-09-18,Samsung S24,Accessories,3175.14,2
ORD-03702,2024-04-26,Dell XPS 13,Camera,5532.91,4
ORD-03703,2023-08-02,iPad Air,Camera,2487.76,5
ORD-03704,2023-08-17,iPhone 15,Accessories,4781.59,3
ORD-03705,2024-07-31,DJI Mini 4,Electronics,1246.97,1
ORD-03706,2023-12-24,iPad Air,Electronics,7434.48,4
ORD-03707,2023-05-04,Samsung S24,Camera,5078.19,5
ORD-03708,2023-11-13,iPad Air,Electronics,6915.4,4
ORD-03709,2024-11-10,Galaxy Tab,Camera,1754.43,3
ORD-03710,2023-07-04,Dell XPS 13,Accessories,4589.52,3
ORD-03711,2023-07-19,Nikon Z6,Electronics,316.46,1
ORD-03712,2023-05-31,Samsung S24,Accessories,1422.14,1
ORD-03713,2024-11-08,Sony WH-1000,Electronics,2650.25,4
ORD-03714,2023-06-13,iPhone 15,Electronics,2519.97,4
ORD-03715,2024-09-09,MacBook Pro,Electronics,359.63,1
ORD-03716,2023-01-21,iPhone 15,Electronics,2971.56,2
ORD-03717,2023-03-14,iPad Air,Electronics,3581.38,5
ORD-03718,2023-12-11,Galaxy Tab,Camera,3056.16,2
ORD-03719,2024-05-13,Samsung S24,Electronics,5374.34,5
ORD-03720,2024-10-06,Sony WH-1000,Electronics,9408.74,5
ORD-03721,2024-01-09,Galaxy Tab,Accessories,9303.11,5
ORD-03722,2024-07-02,MacBook Pro,Camera,4349.31,3
ORD-03723,2024-06-04,Galaxy Tab,Accessories,2984.33,5
ORD-03724,2024-10-25,DJI Mini 4,Electronics,5832.55,4
ORD-03725,2023-05-04,iPhone 15,Camera,3418.32,2
ORD-03726,2023-04-07,Nikon Z6,Camera,1289.81,2
ORD-03727,2023-12-28,Dell XPS 13,Accessories,995.43,1
ORD-03728,2024-12-05,DJI Mini 4,Camera,2107.01,5
ORD-03729,2023-12-29,Samsung S24,Electronics,3266.33,2
ORD-03730,2023-10-27,Dell XPS 13,Accessories,1203.94,2
ORD-03731,2023-11-27,Sony WH-1000,Electronics,3771.1,5
ORD-03732,2024-05-15,Canon R5,Electronics,1743.46,1
ORD-03733,2024-07-25,Samsung S24,Electronics,4913.94,5
ORD-03734,2023-04-27,Galaxy Tab,Electronics,5032.89,4
ORD-03735,2024-03-30,Dell XPS 13,Accessories,1312.45,2
ORD-03736,2023-07-19,Galaxy Tab,Electronics,2605.57,4
ORD-03737,2023-03-05,Dell XPS 13,Accessories,3435.73,4
ORD-03738,2023-09-14,Nikon Z6,Electronics,6461.38,5
ORD-03739,2024-11-30,iPad Air,Camera,2763.99,2
ORD-03740,2023-09-11,MacBook Pro,Accessories,8664.69,5
ORD-03741,2023-05-24,Sony WH-1000,Camera,7252.46,5
ORD-03742,2023-01-20,iPad Air,Camera,1309.38,4
ORD-03743,2024-11-18,iPhone 15,Accessories,1628.45,1
ORD-03744,2023-07-25,MacBook Pro,Accessories,511.44,5
ORD-03745,2024-09-19,MacBook Pro,Electronics,2483.5,2
ORD-03746,2023-07-02,Samsung S24,Accessories,384.86,3
ORD-03747,2023-11-18,Nikon Z6,Electronics,1425.91,3
ORD-03748,2023-09-14,Canon R5,Accessories,7882.54,4
ORD-03749,2024-03-18,Nikon Z6,Accessories,258.79,1
ORD-03750,2024-03-18,Galaxy Tab,Accessories,329.23,1
ORD-03751,2023-05-10,Canon R5,Electronics,1688.55,1
ORD-03752,2023-11-13,Galaxy Tab,Accessories,5501.51,3
ORD-03753,2023-10-04,Canon R5,Accessories,3206.68,3
ORD-03754,2023-06-04,Sony WH-1000,Accessories,441.78,1
ORD-03755,2023-01-09,MacBook Pro,Accessories,642.67,4
ORD-03756,2023-06-24,iPhone 15,Electronics,3333.88,2
ORD-03757,2023-03-06,Canon R5,Electronics,3619.51,3
ORD-03758,2023-02-26,Nikon Z6,Accessories,1064.8,1
ORD-03759,2023-09-30,iPad Air,Electronics,2566.55,2
ORD-03760,2023-10-14,Galaxy Tab,Accessories,5496.01,4
ORD-03761,2024-06-08,Dell XPS 13,Electronics,4583.52,3
ORD-03762,2024-01-11,Sony WH-1000,Camera,5323.62,4
ORD-03763,2023-03-28,iPhone 15,Camera,2646.07,3
ORD-03764,2023-09-12,Galaxy Tab,Accessories,1862.72,1
ORD-03765,2023-08-11,iPad Air,Electronics,4713.01,5
ORD-03766,2023-07-01,Nikon Z6,Accessories,1070.57,1
ORD-03767,2024-08-22,iPad Air,Accessories,183.9,1
ORD-03768,2023-03-19,Nikon Z6,Electronics,5039.08,3
ORD-03769,2023-04-21,Sony WH-1000,Accessories,801.79,5
ORD-03770,2024-06-03,iPad Air,Accessories,398.64,1
ORD-03771,2024-01-05,DJI Mini 4,Electronics,3145.8,3
ORD-03772,2023-07-10,DJI Mini 4,Accessories,1130.51,4
ORD-03773,2024-07-16,Nikon Z6,Electronics,4270.34,5
ORD-03774,2023-03-14,Canon R5,Electronics,6824.52,4
ORD-03775,2023-01-20,Sony WH-1000,Accessories,5227.72,3
ORD-03776,2023-08-23,Canon R5,Electronics,5387.45,3
ORD-03777,2023-08-07,Samsung S24,Accessories,2754.55,3
ORD-03778,2023-12-06,Nikon Z6,Camera,720.67,3
ORD-03779,2023-02-14,Sony WH-1000,Camera,1110.75,4
ORD-03780,2023-10-06,Nikon Z6,Electronics,8985.84,5
ORD-03781,2024-09-14,MacBook Pro,Accessories,3925.18,5
ORD-03782,2024-01-23,Canon R5,Camera,1020.79,1
ORD-03783,2024-08-07,Nikon Z6,Accessories,3224.86,4
ORD-03784,2023-06-18,iPhone 15,Accessories,4865.6,4
ORD-03785,2023-02-26,Samsung S24,Electronics,4151.53,3
ORD-03786,2023-11-20,Dell XPS 13,Electronics,2544.17,5
ORD-03787,2023-05-07,Nikon Z6,Accessories,991.82,1
ORD-03788,2024-12-08,DJI Mini 4,Camera,2611.6,3
ORD-03789,2023-05-19,Dell XPS 13,Electronics,874.19,2
ORD-03790,2024-05-11,Sony WH-1000,Accessories,236.56,1
ORD-03791,2023-06-19,MacBook Pro,Camera,6627.59,4
ORD-03792,2023-08-04,Dell XPS 13,Camera,4542.01,5
ORD-03793,2024-11-17,Sony WH-1000,Accessories,4378.12,4
ORD-03794,2023-04-01,Sony WH-1000,Accessories,9394.41,5
ORD-03795,2024-04-09,MacBook Pro,Electronics,1605.57,2
ORD-03796,2024-12-10,Dell XPS 13,Electronics,1947.02,5
ORD-03797,2023-03-18,iPhone 15,Camera,5048.21,5
ORD-03798,2024-12-11,Galaxy Tab,Electronics,396.93,2
ORD-03799,2024-11-05,DJI Mini 4,Accessories,5869.84,5
ORD-03800,2024-06-10,Nikon Z6,Accessories,7617.87,5
ORD-03801,2023-07-19,Dell XPS 13,Camera,1327.27,1
ORD-03802,2023-10-23,Dell XPS 13,Camera,6425.58,5
ORD-03803,2024-02-27,DJI Mini 4,Camera,1866.79,2
ORD-03804,2024-07-22,Samsung S24,Camera,5958.16,3
ORD-03805,2024-10-10,Galaxy Tab,Camera,1323.77,1
ORD-03806,2023-05-24,Nikon Z6,Accessories,9525.84,5
ORD-03807,2024-05-15,Canon R5,Electronics,6425.26,4
ORD-03808,2023-08-14,MacBook Pro,Camera,179.25,1
ORD-03809,2023-10-18,Samsung S24,Electronics,2914.16,4
ORD-03810,2023-12-13,DJI Mini 4,Accessories,749.72,1
ORD-03811,2023-10-19,Dell XPS 13,Electronics,1142.51,1
ORD-03812,2024-06-15,MacBook Pro,Electronics,3553.06,2
ORD-03813,2023-12-06,Galaxy Tab,Camera,2498.2,3
ORD-03814,2024-07-29,MacBook Pro,Camera,562.23,1
ORD-03815,2024-07-06,Canon R5,Camera,9242.85,5
ORD-03816,2023-09-14,iPad Air,Electronics,7293.31,5
ORD-03817,2023-05-08,Nikon Z6,Accessories,1678.47,4
ORD-03818,2023-01-03,Sony WH-1000,Electronics,5847.52,5
ORD-03819,2023-06-05,Dell XPS 13,Camera,527.16,1
ORD-03820,2023-02-18,iPhone 15,Electronics,1018.44,1
ORD-03821,2023-01-31,Nikon Z6,Camera,651.4,5
ORD-03822,2024-09-06,Galaxy Tab,Electronics,1417.35,2
ORD-03823,2023-05-16,iPhone 15,Camera,3708.27,3
ORD-03824,2023-10-16,MacBook Pro,Accessories,4801.19,5
ORD-03825,2024-07-21,DJI Mini 4,Camera,5930.28,4
ORD-03826,2024-05-13,iPhone 15,Accessories,3502.49,2
ORD-03827,2023-12-11,Dell XPS 13,Accessories,3319.04,2
ORD-03828,2024-07-02,iPad Air,Accessories,2509.74,2
ORD-03829,2023-11-23,DJI Mini 4,Camera,1186.08,1
ORD-03830,2023-04-18,iPad Air,Accessories,402.55,1
ORD-03831,2024-07-23,Nikon Z6,Accessories,1367.29,1
ORD-03832,2023-10-14,Dell XPS 13,Camera,7918.65,4
ORD-03833,2024-01-19,Canon R5,Electronics,786.84,1
ORD-03834,2024-08-29,MacBook Pro,Accessories,7306.98,5
ORD-03835,2023-01-15,iPad Air,Electronics,1459.95,5
ORD-03836,2023-07-31,Galaxy Tab,Camera,165.68,1
ORD-03837,2023-05-18,DJI Mini 4,Electronics,378.74,1
ORD-03838,2023-03-16,Canon R5,Camera,2369.42,2
ORD-03839,2023-12-25,Galaxy Tab,Accessories,1128.49,1
ORD-03840,2023-03-12,Sony WH-1000,Electronics,2608.28,2
ORD-03841,2023-08-17,Nikon Z6,Camera,632.41,1
ORD-03842,2024-09-18,DJI Mini 4,Accessories,5421.89,5
ORD-03843,2024-05-31,MacBook Pro,Accessories,761.79,1
ORD-03844,2023-01-14,Samsung S24,Camera,3818.7,4
ORD-03845,2024-12-05,Galaxy Tab,Accessories,2670.84,5
ORD-03846,2023-07-30,iPad Air,Accessories,4440.75,5
ORD-03847,2024-07-05,iPhone 15,Electronics,4796.81,4
ORD-03848,2024-07-02,DJI Mini 4,Accessories,4318.61,5
ORD-03849,2023-09-01,Dell XPS 13,Electronics,2460.67,2
ORD-03850,2024-12-29,iPhone 15,Camera,802.3,1
ORD-03851,2023-01-28,Nikon Z6,Camera,3894.03,2
ORD-03852,2023-10-14,MacBook Pro,Accessories,257.5,1
ORD-03853,2023-12-21,Sony WH-1000,Camera,3144.18,3
ORD-03854,2024-07-20,Sony WH-1000,Camera,1812.05,3
ORD-03855,2024-02-22,Galaxy Tab,Electronics,3536.28,3
ORD-03856,2024-09-09,Galaxy Tab,Camera,1751.35,1
ORD-03857,2023-07-20,iPad Air,Camera,2168.29,3
ORD-03858,2024-01-25,Samsung S24,Camera,4761.77,3
ORD-03859,2023-09-14,DJI Mini 4,Accessories,4867.59,3
ORD-03860,2024-07-09,Dell XPS 13,Electronics,1201.56,1
ORD-03861,2024-05-09,iPad Air,Camera,227.88,1
ORD-03862,2023-02-02,MacBook Pro,Accessories,4738.91,5
ORD-03863,2023-05-14,Galaxy Tab,Accessories,2399.63,4
ORD-03864,2023-05-10,Sony WH-1000,Camera,4408.74,4
ORD-03865,2023-03-05,Nikon Z6,Camera,911.98,2
ORD-03866,2024-10-13,Samsung S24,Accessories,160.46,1
ORD-03867,2024-04-03,Nikon Z6,Electronics,9096.56,5
ORD-03868,2024-12-11,Canon R5,Camera,2925.01,2
ORD-03869,2023-04-29,MacBook Pro,Camera,1181.97,1
ORD-03870,2024-08-29,Sony WH-1000,Accessories,2475.4,2
ORD-03871,2024-09-03,Sony WH-1000,Accessories,5887.57,3
ORD-03872,2024-08-25,iPhone 15,Electronics,2556.51,4
ORD-03873,2023-09-19,iPad Air,Accessories,788.99,1
ORD-03874,2023-05-20,iPhone 15,Camera,7641.28,4
ORD-03875,2023-01-23,Canon R5,Electronics,5682.46,4
ORD-03876,2023-12-08,MacBook Pro,Camera,4860.96,4
ORD-03877,2023-08-06,Dell XPS 13,Accessories,1460.6,5
ORD-03878,2023-07-27,iPhone 15,Accessories,1407.08,1
ORD-03879,2023-08-15,Galaxy Tab,Camera,1708.59,2
ORD-03880,2023-01-27,Sony WH-1000,Electronics,873.66,1
ORD-03881,2024-06-24,Galaxy Tab,Accessories,5497.48,4
ORD-03882,2024-06-06,iPad Air,Camera,1750.98,1
ORD-03883,2023-07-03,Nikon Z6,Camera,1424.71,3
ORD-03884,2024-09-03,Nikon Z6,Camera,4971.57,4
ORD-03885,2023-10-25,MacBook Pro,Accessories,1964.57,2
ORD-03886,2024-05-10,iPad Air,Camera,4268.43,5
ORD-03887,2023-03-18,DJI Mini 4,Electronics,3133.04,5
ORD-03888,2024-08-20,Samsung S24,Electronics,630.65,4
ORD-03889,2024-03-13,Dell XPS 13,Electronics,1942.56,1
ORD-03890,2023-10-25,iPad Air,Camera,5661.0,5
ORD-03891,2023-09-21,Nikon Z6,Electronics,3894.73,3
ORD-03892,2024-07-26,Samsung S24,Camera,1245.55,1
ORD-03893,2024-11-08,Galaxy Tab,Accessories,2557.64,2
ORD-03894,2024-12-05,Samsung S24,Electronics,4440.28,5
ORD-03895,2024-04-28,Dell XPS 13,Camera,4695.57,3
ORD-03896,2023-03-02,Canon R5,Accessories,692.09,2
ORD-03897,2024-03-23,Nikon Z6,Accessories,5327.79,3
ORD-03898,2023-10-01,Galaxy Tab,Accessories,1701.19,5
ORD-03899,2023-03-30,Dell XPS 13,Accessories,5171.67,5
ORD-03900,2023-12-06,Nikon Z6,Camera,1091.75,3
ORD-03901,2023-05-17,MacBook Pro,Electronics,954.95,1
ORD-03902,2023-04-01,iPhone 15,Camera,8968.9,5
ORD-03903,2023-09-08,MacBook Pro,Accessories,1243.28,3
ORD-03904,2023-04-26,DJI Mini 4,Electronics,1344.48,2
ORD-03905,2023-07-22,iPad Air,Accessories,3880.52,3
ORD-03906,2024-03-31,Canon R5,Accessories,1260.07,5
ORD-03907,2024-12-01,Nikon Z6,Electronics,3886.05,4
ORD-03908,2024-02-03,Galaxy Tab,Camera,581.45,5
ORD-03909,2023-08-20,Dell XPS 13,Electronics,2023.73,2
ORD-03910,2024-07-06,iPad Air,Accessories,1580.06,5
ORD-03911,2024-01-12,Samsung S24,Electronics,3111.2,2
ORD-03912,2023-04-29,Galaxy Tab,Electronics,5128.26,4
ORD-03913,2023-02-05,Sony WH-1000,Accessories,1385.24,3
ORD-03914,2023-01-12,Galaxy Tab,Accessories,2300.49,2
ORD-03915,2023-07-17,Galaxy Tab,Electronics,1601.0,1
ORD-03916,2024-11-19,Galaxy Tab,Accessories,2791.17,2
ORD-03917,2023-06-16,Nikon Z6,Camera,2123.75,3
ORD-03918,2023-05-22,iPad Air,Electronics,957.47,3
ORD-03919,2023-01-06,Nikon Z6,Electronics,3346.92,3
ORD-03920,2024-11-06,iPad Air,Accessories,5568.69,5
ORD-03921,2023-09-09,Galaxy Tab,Camera,7169.03,4
ORD-03922,2024-08-07,Samsung S24,Accessories,5761.65,4
ORD-03923,2023-03-06,iPad Air,Camera,7329.85,4
ORD-03924,2023-05-13,Sony WH-1000,Electronics,8558.25,5
ORD-03925,2024-04-10,DJI Mini 4,Electronics,1809.22,2
ORD-03926,2023-09-16,Samsung S24,Camera,1675.38,4
ORD-03927,2024-05-10,Nikon Z6,Electronics,3014.96,2
ORD-03928,2023-05-03,Canon R5,Accessories,3877.05,5
ORD-03929,2023-07-23,iPad Air,Accessories,1081.59,1
ORD-03930,2023-09-20,iPad Air,Electronics,234.7,1
ORD-03931,2024-04-08,iPhone 15,Accessories,854.07,5
ORD-03932,2024-11-17,MacBook Pro,Camera,3432.8,2
ORD-03933,2023-06-29,Samsung S24,Camera,295.86,1
ORD-03934,2023-07-30,Dell XPS 13,Accessories,1074.2,1
ORD-03935,2023-05-08,DJI Mini 4,Accessories,3047.69,2
ORD-03936,2024-11-07,iPad Air,Camera,6504.13,4
ORD-03937,2023-05-08,iPad Air,Accessories,333.52,1
ORD-03938,2023-05-01,iPhone 15,Accessories,3209.02,3
ORD-03939,2024-08-12,iPhone 15,Camera,1384.39,1
ORD-03940,2024-04-12,Samsung S24,Accessories,4833.18,3
ORD-03941,2023-12-17,Dell XPS 13,Camera,6766.87,4
ORD-03942,2024-10-21,iPhone 15,Camera,2561.61,2
ORD-03943,2024-11-11,DJI Mini 4,Electronics,3165.34,2
ORD-03944,2023-08-28,Samsung S24,Camera,4765.05,3
ORD-03945,2024-01-20,Nikon Z6,Electronics,5192.34,3
ORD-03946,2024-04-09,iPad Air,Camera,903.14,3
ORD-03947,2024-02-19,Samsung S24,Electronics,2263.24,2
ORD-03948,2024-11-16,Nikon Z6,Accessories,1630.1,3
ORD-03949,2024-03-27,Nikon Z6,Camera,3747.0,4
ORD-03950,2023-11-05,Samsung S24,Accessories,1808.43,2
ORD-03951,2023-03-22,iPad Air,Camera,7066.09,4
ORD-03952,2024-05-24,Dell XPS 13,Accessories,6850.98,5
ORD-03953,2023-05-26,DJI Mini 4,Accessories,4017.51,3
ORD-03954,2023-01-02,MacBook Pro,Electronics,4169.92,5
ORD-03955,2023-02-11,iPad Air,Camera,5780.13,4
ORD-03956,2023-09-22,Canon R5,Camera,6830.8,4
ORD-03957,2023-08-10,Galaxy Tab,Accessories,7168.61,4
ORD-03958,2023-08-22,Samsung S24,Accessories,1792.46,4
ORD-03959,2024-06-15,iPhone 15,Electronics,639.96,2
ORD-03960,2023-10-24,MacBook Pro,Electronics,482.59,1
ORD-03961,2024-10-05,Canon R5,Camera,2560.39,4
ORD-03962,2024-01-14,iPad Air,Camera,1287.46,4
ORD-03963,2024-12-19,Dell XPS 13,Accessories,1740.52,1
ORD-03964,2024-09-06,iPhone 15,Accessories,2195.82,4
ORD-03965,2024-07-18,Canon R5,Accessories,2605.61,2
ORD-03966,2024-05-09,Nikon Z6,Accessories,1797.4,2
ORD-03967,2024-06-11,iPad Air,Camera,3186.91,5
ORD-03968,2023-04-18,Samsung S24,Camera,8833.06,5
ORD-03969,2024-09-18,Nikon Z6,Electronics,1489.95,1
ORD-03970,2023-06-14,iPad Air,Accessories,7906.64,5
ORD-03971,2024-10-16,Nikon Z6,Accessories,2455.14,5
ORD-03972,2023-05-26,Galaxy Tab,Electronics,9096.78,5
ORD-03973,2023-06-08,Canon R5,Camera,2639.91,3
ORD-03974,2024-10-15,iPhone 15,Electronics,3298.47,4
ORD-03975,2023-05-02,Sony WH-1000,Electronics,5263.78,5
ORD-03976,2024-06-27,iPhone 15,Accessories,2187.46,2
ORD-03977,2023-03-19,Canon R5,Accessories,1081.2,2
ORD-03978,2023-01-30,Samsung S24,Camera,1586.6,2
ORD-03979,2024-02-08,iPad Air,Camera,258.38,2
ORD-03980,2023-08-27,iPad Air,Camera,3485.81,4
ORD-03981,2024-05-06,Nikon Z6,Camera,4277.01,5
ORD-03982,2024-01-14,Dell XPS 13,Accessories,3652.74,3
ORD-03983,2024-06-19,iPhone 15,Camera,1488.05,1
ORD-03984,2023-11-30,iPad Air,Accessories,1757.63,1
ORD-03985,2023-11-22,DJI Mini 4,Electronics,5763.3,4
ORD-03986,2024-09-16,Canon R5,Camera,4517.71,3
ORD-03987,2024-11-01,Nikon Z6,Accessories,2151.31,5
ORD-03988,2023-06-09,Galaxy Tab,Camera,2479.53,2
ORD-03989,2024-05-12,Galaxy Tab,Accessories,7566.67,5
ORD-03990,2023-11-08,Galaxy Tab,Accessories,1533.22,4
ORD-03991,2023-07-07,MacBook Pro,Camera,2506.87,4
ORD-03992,2024-12-08,Galaxy Tab,Electronics,3997.93,5
ORD-03993,2024-01-28,Galaxy Tab,Camera,1062.63,4
ORD-03994,2024-08-01,Galaxy Tab,Electronics,1126.62,5
ORD-03995,2023-05-02,Sony WH-1000,Camera,235.08,2
ORD-03996,2023-04-21,MacBook Pro,Accessories,1811.85,2
ORD-03997,2023-04-16,iPad Air,Accessories,4303.28,5
ORD-03998,2023-09-20,Nikon Z6,Accessories,5199.75,3
ORD-03999,2023-03-21,Canon R5,Accessories,6002.56,4
ORD-04000,2023-06-04,Galaxy Tab,Electronics,305.6,3
ORD-04001,2023-09-23,MacBook Pro,Camera,2079.86,3
ORD-04002,2023-08-30,Nikon Z6,Camera,803.44,4
ORD-04003,2023-10-22,Dell XPS 13,Camera,609.5,2
ORD-04004,2024-08-01,DJI Mini 4,Electronics,2125.09,2
ORD-04005,2024-11-24,Sony WH-1000,Accessories,3986.2,2
ORD-04006,2023-04-30,Galaxy Tab,Accessories,955.61,2
ORD-04007,2023-06-03,Canon R5,Accessories,4481.26,5
ORD-04008,2023-01-24,iPhone 15,Electronics,294.17,2
ORD-04009,2024-08-02,DJI Mini 4,Electronics,2032.64,5
ORD-04010,2024-06-08,Dell XPS 13,Camera,6458.84,5
ORD-04011,2024-09-11,iPhone 15,Accessories,899.85,3
ORD-04012,2023-04-06,Canon R5,Accessories,3427.28,2
ORD-04013,2023-10-27,DJI Mini 4,Electronics,1101.55,1
ORD-04014,2023-05-26,Nikon Z6,Accessories,3927.34,3
ORD-04015,2024-04-21,MacBook Pro,Camera,2029.31,2
ORD-04016,2024-06-01,iPhone 15,Camera,1384.83,1
ORD-04017,2023-05-09,Dell XPS 13,Accessories,1949.68,4
ORD-04018,2024-08-26,MacBook Pro,Accessories,707.0,1
ORD-04019,2024-06-11,Canon R5,Accessories,574.46,1
ORD-04020,2024-06-02,iPhone 15,Camera,4455.53,5
ORD-04021,2023-09-03,iPhone 15,Electronics,3509.31,4
ORD-04022,2024-09-17,Nikon Z6,Camera,4161.61,3
ORD-04023,2024-05-17,Samsung S24,Accessories,4629.59,3
ORD-04024,2024-04-08,iPhone 15,Accessories,1518.8,5
ORD-04025,2024-01-01,Nikon Z6,Accessories,1172.12,1
ORD-04026,2024-06-19,Samsung S24,Electronics,1488.63,1
ORD-04027,2024-03-05,MacBook Pro,Camera,3068.25,3
ORD-04028,2023-09-03,DJI Mini 4,Accessories,3364.46,3
ORD-04029,2023-01-29,Sony WH-1000,Accessories,2027.27,2
ORD-04030,2023-07-02,Sony WH-1000,Camera,2970.06,4
ORD-04031,2023-08-27,Galaxy Tab,Camera,2105.5,4
ORD-04032,2023-07-23,Sony WH-1000,Camera,6116.04,4
ORD-04033,2024-01-23,Canon R5,Camera,2278.17,2
ORD-04034,2024-10-07,Nikon Z6,Accessories,3899.96,2
ORD-04035,2023-03-26,Galaxy Tab,Electronics,3973.9,2
ORD-04036,2023-04-17,MacBook Pro,Camera,3688.47,4
ORD-04037,2024-06-06,Dell XPS 13,Electronics,3738.24,2
ORD-04038,2023-01-05,Canon R5,Accessories,4249.74,3
ORD-04039,2024-09-30,Nikon Z6,Accessories,2823.15,4
ORD-04040,2023-07-23,Sony WH-1000,Camera,1791.7,5
ORD-04041,2024-03-05,Sony WH-1000,Accessories,940.53,2
ORD-04042,2023-09-24,Samsung S24,Camera,5770.21,4
ORD-04043,2023-12-23,DJI Mini 4,Accessories,2186.48,3
ORD-04044,2023-02-25,Dell XPS 13,Camera,909.53,1
ORD-04045,2023-01-20,iPad Air,Camera,6559.01,5
ORD-04046,2024-08-28,Sony WH-1000,Accessories,3945.39,2
ORD-04047,2023-05-10,Dell XPS 13,Camera,1595.34,3
ORD-04048,2024-12-21,Samsung S24,Accessories,3648.64,3
ORD-04049,2023-07-08,Dell XPS 13,Electronics,351.66,3
ORD-04050,2023-04-24,Dell XPS 13,Electronics,1538.26,2
ORD-04051,2023-02-16,iPhone 15,Camera,475.43,2
ORD-04052,2023-03-24,Canon R5,Electronics,2630.06,5
ORD-04053,2024-07-28,Dell XPS 13,Accessories,3310.89,5
ORD-04054,2023-12-06,MacBook Pro,Accessories,2372.35,3
ORD-04055,2024-12-05,DJI Mini 4,Camera,6077.47,4
ORD-04056,2023-10-07,Canon R5,Accessories,526.42,1
ORD-04057,2024-01-21,MacBook Pro,Accessories,2779.14,2
ORD-04058,2024-09-22,MacBook Pro,Electronics,1603.91,3
ORD-04059,2024-05-11,MacBook Pro,Electronics,2922.16,5
ORD-04060,2023-07-01,iPhone 15,Electronics,551.21,2
ORD-04061,2023-03-22,Dell XPS 13,Camera,1474.2,2
ORD-04062,2024-05-01,MacBook Pro,Accessories,208.86,1
ORD-04063,2023-03-28,Samsung S24,Camera,323.39,1
ORD-04064,2023-11-06,Galaxy Tab,Camera,1544.5,1
ORD-04065,2023-09-05,Sony WH-1000,Accessories,1860.69,1
ORD-04066,2023-08-13,Dell XPS 13,Electronics,2535.77,5
ORD-04067,2023-10-10,Canon R5,Electronics,3253.16,4
ORD-04068,2023-11-13,Nikon Z6,Accessories,208.49,1
ORD-04069,2023-06-17,Nikon Z6,Electronics,3756.47,3
ORD-04070,2023-09-27,MacBook Pro,Electronics,7893.77,4
ORD-04071,2023-06-18,Dell XPS 13,Electronics,1353.73,3
ORD-04072,2023-07-18,Galaxy Tab,Camera,3049.94,4
ORD-04073,2023-02-04,iPhone 15,Accessories,5106.23,3
ORD-04074,2023-11-04,Canon R5,Camera,1971.17,1
ORD-04075,2024-05-17,Samsung S24,Camera,7878.93,4
ORD-04076,2023-10-30,Galaxy Tab,Camera,1116.83,2
ORD-04077,2023-09-19,Canon R5,Electronics,4711.8,4
ORD-04078,2024-03-28,Samsung S24,Accessories,347.17,1
ORD-04079,2024-02-24,iPhone 15,Electronics,515.3,1
ORD-04080,2023-12-21,DJI Mini 4,Electronics,8710.26,5
ORD-04081,2024-04-23,iPhone 15,Accessories,2301.44,4
ORD-04082,2024-04-30,Galaxy Tab,Accessories,1386.04,1
ORD-04083,2024-03-19,Sony WH-1000,Electronics,9031.11,5
ORD-04084,2023-10-24,DJI Mini 4,Accessories,363.68,1
ORD-04085,2023-04-12,Dell XPS 13,Accessories,8419.13,5
ORD-04086,2023-10-07,iPad Air,Electronics,967.74,1
ORD-04087,2023-01-01,MacBook Pro,Camera,1730.99,1
ORD-04088,2023-03-23,Canon R5,Accessories,1282.27,5
ORD-04089,2023-10-02,iPhone 15,Accessories,3381.63,5
ORD-04090,2023-08-04,MacBook Pro,Electronics,9377.11,5
ORD-04091,2023-02-25,Nikon Z6,Accessories,8443.37,5
ORD-04092,2023-06-08,Nikon Z6,Camera,6203.4,5
ORD-04093,2024-12-25,iPhone 15,Electronics,4218.87,4
ORD-04094,2023-03-24,Samsung S24,Accessories,1348.33,5
ORD-04095,2023-01-19,Sony WH-1000,Electronics,422.68,3
ORD-04096,2024-03-15,Nikon Z6,Accessories,5314.6,3
ORD-04097,2024-10-29,Nikon Z6,Electronics,3134.71,2
ORD-04098,2023-07-18,Nikon Z6,Camera,1795.95,3
ORD-04099,2023-11-09,Canon R5,Camera,5167.95,3
ORD-04100,2024-11-30,Galaxy Tab,Accessories,2430.86,2
ORD-04101,2023-06-17,MacBook Pro,Accessories,3348.47,4
ORD-04102,2023-01-25,Dell XPS 13,Electronics,7409.12,4
ORD-04103,2023-02-13,iPhone 15,Electronics,1082.51,1
ORD-04104,2023-06-30,Sony WH-1000,Electronics,4015.77,5
ORD-04105,2023-06-28,MacBook Pro,Accessories,3971.28,5
ORD-04106,2024-08-21,Dell XPS 13,Electronics,2572.67,3
ORD-04107,2023-06-20,MacBook Pro,Camera,9081.23,5
ORD-04108,2023-01-07,DJI Mini 4,Accessories,7780.45,4
ORD-04109,2023-05-02,Canon R5,Electronics,1897.11,1
ORD-04110,2023-10-25,iPhone 15,Accessories,4820.25,4
ORD-04111,2023-06-27,MacBook Pro,Camera,9639.7,5
ORD-04112,2024-01-27,Sony WH-1000,Accessories,1624.05,2
ORD-04113,2023-05-09,DJI Mini 4,Camera,2119.47,5
ORD-04114,2023-03-08,Samsung S24,Accessories,5437.82,3
ORD-04115,2023-02-17,iPhone 15,Accessories,2000.11,2
ORD-04116,2023-07-09,Canon R5,Camera,3160.69,2
ORD-04117,2023-01-13,Canon R5,Electronics,1861.23,1
ORD-04118,2024-09-02,iPhone 15,Accessories,2553.58,4
ORD-04119,2023-09-22,iPhone 15,Accessories,2932.1,2
ORD-04120,2024-01-23,DJI Mini 4,Accessories,1874.17,1
ORD-04121,2024-06-23,Galaxy Tab,Electronics,440.48,1
ORD-04122,2024-08-03,DJI Mini 4,Camera,4549.25,3
ORD-04123,2023-07-02,Galaxy Tab,Accessories,854.77,1
ORD-04124,2023-03-05,Nikon Z6,Accessories,5052.62,5
ORD-04125,2023-05-16,Galaxy Tab,Electronics,3944.6,4
ORD-04126,2023-11-21,Sony WH-1000,Electronics,1207.73,4
ORD-04127,2024-09-07,Sony WH-1000,Accessories,5835.58,3
ORD-04128,2023-03-11,Sony WH-1000,Accessories,4758.77,4
ORD-04129,2024-07-15,iPad Air,Electronics,4146.99,5
ORD-04130,2023-08-26,Canon R5,Accessories,7829.57,4
ORD-04131,2024-06-05,Canon R5,Accessories,2415.08,3
ORD-04132,2024-02-12,DJI Mini 4,Accessories,548.91,3
ORD-04133,2023-07-15,DJI Mini 4,Electronics,695.91,1
ORD-04134,2023-07-03,DJI Mini 4,Electronics,1399.27,5
ORD-04135,2023-03-16,iPad Air,Accessories,4862.54,3
ORD-04136,2023-06-21,Dell XPS 13,Electronics,3154.88,4
ORD-04137,2024-08-09,Samsung S24,Accessories,1671.76,1
ORD-04138,2023-04-11,iPhone 15,Camera,1753.33,4
ORD-04139,2023-04-24,MacBook Pro,Electronics,6604.18,5
ORD-04140,2024-01-12,Samsung S24,Accessories,662.73,1
ORD-04141,2023-07-23,Samsung S24,Electronics,679.01,1
ORD-04142,2024-12-26,DJI Mini 4,Accessories,1582.03,4
ORD-04143,2023-08-18,Samsung S24,Electronics,5897.54,4
ORD-04144,2024-04-15,Nikon Z6,Accessories,6874.98,4
ORD-04145,2023-02-19,Canon R5,Camera,9933.85,5
ORD-04146,2023-05-25,Galaxy Tab,Accessories,1246.69,1
ORD-04147,2023-06-12,Nikon Z6,Camera,4279.15,3
ORD-04148,2024-07-14,Samsung S24,Camera,694.13,3
ORD-04149,2023-09-04,DJI Mini 4,Electronics,1733.69,1
ORD-04150,2024-07-26,iPad Air,Electronics,259.64,2
ORD-04151,2024-03-14,Sony WH-1000,Accessories,1792.12,2
ORD-04152,2024-03-23,Canon R5,Accessories,9146.29,5
ORD-04153,2023-11-01,Samsung S24,Electronics,1982.92,1
ORD-04154,2023-02-11,DJI Mini 4,Accessories,1014.4,1
ORD-04155,2024-03-03,Canon R5,Electronics,1290.79,5
ORD-04156,2024-08-08,Sony WH-1000,Accessories,7599.6,5
ORD-04157,2024-05-26,Galaxy Tab,Accessories,3832.75,2
ORD-04158,2024-06-17,Galaxy Tab,Electronics,3829.33,2
ORD-04159,2024-03-21,MacBook Pro,Accessories,582.18,2
ORD-04160,2024-09-03,Samsung S24,Electronics,3747.26,3
ORD-04161,2024-03-06,MacBook Pro,Electronics,562.52,5
ORD-04162,2023-09-14,Sony WH-1000,Camera,2567.73,2
ORD-04163,2023-06-17,MacBook Pro,Camera,3909.74,4
ORD-04164,2024-10-18,DJI Mini 4,Camera,2152.81,5
ORD-04165,2024-06-21,Canon R5,Electronics,6671.57,5
ORD-04166,2023-04-02,Dell XPS 13,Electronics,3468.64,2
ORD-04167,2024-03-31,Sony WH-1000,Electronics,1744.06,2
ORD-04168,2023-08-13,Canon R5,Electronics,1299.54,1
ORD-04169,2023-11-03,iPhone 15,Camera,6513.93,5
ORD-04170,2024-08-21,MacBook Pro,Camera,1488.54,1
ORD-04171,2024-06-02,DJI Mini 4,Accessories,4760.2,5
ORD-04172,2024-10-22,Sony WH-1000,Electronics,2311.53,2
ORD-04173,2023-06-15,iPad Air,Camera,8732.6,5
ORD-04174,2023-10-16,MacBook Pro,Electronics,1003.81,4
ORD-04175,2023-08-28,Samsung S24,Electronics,1992.34,5
ORD-04176,2023-03-04,Canon R5,Camera,898.08,4
ORD-04177,2024-03-12,Canon R5,Accessories,1944.81,5
ORD-04178,2024-04-02,Sony WH-1000,Camera,3905.03,5
ORD-04179,2024-04-19,Galaxy Tab,Camera,1317.9,2
ORD-04180,2023-12-29,iPad Air,Accessories,162.96,1
ORD-04181,2023-11-29,iPad Air,Camera,1730.8,3
ORD-04182,2024-12-23,Nikon Z6,Camera,1932.5,3
ORD-04183,2024-06-17,Samsung S24,Camera,1221.7,4
ORD-04184,2023-02-10,MacBook Pro,Camera,5663.71,4
ORD-04185,2023-11-14,iPad Air,Electronics,4190.66,3
ORD-04186,2024-04-19,DJI Mini 4,Electronics,3339.08,3
ORD-04187,2023-01-21,Nikon Z6,Electronics,910.04,1
ORD-04188,2023-11-20,Sony WH-1000,Camera,1070.95,2
ORD-04189,2024-04-23,iPad Air,Accessories,1907.16,5
ORD-04190,2024-03-24,Dell XPS 13,Electronics,4921.68,4
ORD-04191,2024-07-30,MacBook Pro,Accessories,1730.93,1
ORD-04192,2023-03-20,Nikon Z6,Camera,1709.81,1
ORD-04193,2024-04-11,DJI Mini 4,Accessories,798.86,2
ORD-04194,2023-07-13,Galaxy Tab,Accessories,8262.74,5
ORD-04195,2023-06-02,Samsung S24,Electronics,642.86,1
ORD-04196,2024-03-29,Nikon Z6,Camera,2179.7,2
ORD-04197,2024-08-22,Galaxy Tab,Accessories,1792.13,1
ORD-04198,2023-05-26,MacBook Pro,Electronics,2954.36,4
ORD-04199,2023-03-07,Nikon Z6,Accessories,6623.78,5
ORD-04200,2024-03-17,MacBook Pro,Accessories,2852.64,2
ORD-04201,2023-09-26,MacBook Pro,Electronics,5859.01,5
ORD-04202,2024-12-25,Samsung S24,Accessories,4900.4,4
ORD-04203,2024-01-21,Sony WH-1000,Electronics,1091.35,1
ORD-04204,2024-08-21,iPhone 15,Electronics,662.65,1
ORD-04205,2024-02-25,Sony WH-1000,Camera,2930.06,4
ORD-04206,2023-03-04,iPhone 15,Electronics,1615.75,1
ORD-04207,2023-10-13,DJI Mini 4,Electronics,1542.09,3
ORD-04208,2023-07-17,Galaxy Tab,Accessories,407.92,1
ORD-04209,2023-06-18,DJI Mini 4,Camera,925.47,1
ORD-04210,2024-04-02,Dell XPS 13,Accessories,981.42,5
ORD-04211,2024-07-17,Canon R5,Camera,5121.18,3
ORD-04212,2024-08-20,Sony WH-1000,Accessories,2835.9,3
ORD-04213,2024-07-06,Galaxy Tab,Electronics,3994.04,3
ORD-04214,2024-11-01,MacBook Pro,Camera,1548.35,5
ORD-04215,2023-07-02,Samsung S24,Accessories,8472.95,5
ORD-04216,2024-07-18,Galaxy Tab,Camera,897.93,4
ORD-04217,2023-08-08,Sony WH-1000,Accessories,384.56,3
ORD-04218,2024-03-09,Dell XPS 13,Camera,766.54,2
ORD-04219,2023-11-23,Galaxy Tab,Camera,1928.11,1
ORD-04220,2023-08-19,Nikon Z6,Accessories,2871.17,5
ORD-04221,2024-03-06,Nikon Z6,Accessories,3742.48,2
ORD-04222,2024-12-12,Sony WH-1000,Accessories,3033.27,5
ORD-04223,2023-01-07,iPhone 15,Electronics,5820.09,4
ORD-04224,2023-11-21,MacBook Pro,Camera,1053.91,1
ORD-04225,2024-02-29,Samsung S24,Camera,8460.39,5
ORD-04226,2024-04-29,Canon R5,Camera,3780.97,2
ORD-04227,2024-10-10,MacBook Pro,Electronics,3033.17,3
ORD-04228,2023-02-15,iPhone 15,Accessories,2376.31,3
ORD-04229,2023-09-07,MacBook Pro,Accessories,245.44,1
ORD-04230,2024-12-08,iPad Air,Camera,1878.56,1
ORD-04231,2023-04-01,Canon R5,Electronics,4593.73,3
ORD-04232,2023-01-14,iPad Air,Electronics,7935.83,5
ORD-04233,2024-02-04,Samsung S24,Accessories,2715.05,2
ORD-04234,2023-04-02,iPad Air,Accessories,933.28,5
ORD-04235,2023-11-11,iPhone 15,Accessories,1491.16,1
ORD-04236,2024-06-30,Sony WH-1000,Electronics,2949.07,5
ORD-04237,2023-08-30,Sony WH-1000,Accessories,4459.63,3
ORD-04238,2023-07-16,Samsung S24,Camera,689.92,4
ORD-04239,2023-04-11,DJI Mini 4,Accessories,402.85,3
ORD-04240,2023-02-18,iPhone 15,Camera,5868.29,5
ORD-04241,2024-11-14,Sony WH-1000,Electronics,4918.94,4
ORD-04242,2024-06-10,Nikon Z6,Camera,8371.92,5
ORD-04243,2023-09-30,MacBook Pro,Camera,5425.52,3
ORD-04244,2024-02-23,Canon R5,Electronics,778.29,3
ORD-04245,2023-05-13,Samsung S24,Electronics,2406.96,4
ORD-04246,2024-11-24,Galaxy Tab,Electronics,2636.48,3
ORD-04247,2023-07-21,Nikon Z6,Electronics,1633.88,1
ORD-04248,2023-12-05,Canon R5,Electronics,1213.97,1
ORD-04249,2024-12-04,iPad Air,Camera,6342.55,5
ORD-04250,2024-10-15,iPad Air,Electronics,2932.89,4
ORD-04251,2023-03-11,DJI Mini 4,Camera,5179.25,3
ORD-04252,2023-07-08,Samsung S24,Electronics,1663.65,4
ORD-04253,2024-04-07,DJI Mini 4,Camera,5955.25,5
ORD-04254,2023-03-05,iPad Air,Accessories,3699.4,5
ORD-04255,2023-03-09,Sony WH-1000,Accessories,1023.31,4
ORD-04256,2024-01-02,iPhone 15,Electronics,262.12,1
ORD-04257,2023-05-15,Dell XPS 13,Electronics,4548.07,4
ORD-04258,2023-02-05,Samsung S24,Camera,1968.53,2
ORD-04259,2024-02-18,iPad Air,Camera,8093.53,5
ORD-04260,2024-06-15,Nikon Z6,Camera,6235.18,4
ORD-04261,2023-01-15,iPhone 15,Camera,2551.43,5
ORD-04262,2024-02-27,Samsung S24,Electronics,3487.46,2
ORD-04263,2023-10-27,Canon R5,Camera,329.81,2
ORD-04264,2024-09-15,MacBook Pro,Electronics,226.26,1
ORD-04265,2023-08-07,DJI Mini 4,Accessories,4005.83,3
ORD-04266,2024-12-06,iPhone 15,Camera,5971.68,4
ORD-04267,2024-06-09,DJI Mini 4,Camera,7226.41,5
ORD-04268,2024-04-19,DJI Mini 4,Accessories,4495.94,4
ORD-04269,2023-03-15,MacBook Pro,Camera,7376.55,5
ORD-04270,2023-08-05,Samsung S24,Accessories,2451.68,4
ORD-04271,2023-08-04,DJI Mini 4,Camera,1204.81,3
ORD-04272,2023-07-19,MacBook Pro,Camera,888.51,1
ORD-04273,2023-12-04,MacBook Pro,Camera,3517.57,5
ORD-04274,2024-12-29,Samsung S24,Accessories,6512.14,5
ORD-04275,2024-08-30,iPhone 15,Electronics,7180.5,4
ORD-04276,2023-02-21,MacBook Pro,Electronics,161.29,1
ORD-04277,2023-11-21,iPad Air,Accessories,2988.06,3
ORD-04278,2023-06-24,Dell XPS 13,Electronics,5938.0,5
ORD-04279,2023-12-15,Samsung S24,Electronics,2118.35,5
ORD-04280,2023-05-16,Samsung S24,Camera,7279.07,5
ORD-04281,2023-12-13,MacBook Pro,Accessories,1090.9,4
ORD-04282,2024-08-18,Canon R5,Accessories,4133.0,4
ORD-04283,2023-12-30,iPhone 15,Accessories,3853.79,2
ORD-04284,2024-08-08,Sony WH-1000,Camera,1067.14,2
ORD-04285,2023-05-24,Nikon Z6,Electronics,4188.86,4
ORD-04286,2023-01-01,MacBook Pro,Electronics,1285.59,4
ORD-04287,2023-09-10,Galaxy Tab,Electronics,1144.91,4
ORD-04288,2023-05-08,iPad Air,Camera,5914.91,4
ORD-04289,2023-10-10,MacBook Pro,Electronics,3540.88,2
ORD-04290,2024-07-20,DJI Mini 4,Accessories,3952.8,4
ORD-04291,2023-05-08,iPad Air,Accessories,1625.76,4
ORD-04292,2024-10-27,Dell XPS 13,Camera,4199.4,3
ORD-04293,2023-09-15,Canon R5,Electronics,1086.4,3
ORD-04294,2024-01-27,Canon R5,Accessories,1964.76,2
ORD-04295,2024-10-12,Nikon Z6,Accessories,4318.48,3
ORD-04296,2023-05-05,Nikon Z6,Accessories,813.65,1
ORD-04297,2023-02-26,Galaxy Tab,Camera,183.64,1
ORD-04298,2023-01-30,Dell XPS 13,Accessories,1570.8,2
ORD-04299,2023-03-08,DJI Mini 4,Electronics,1860.18,1
ORD-04300,2024-08-19,Canon R5,Accessories,5419.83,5
ORD-04301,2023-07-20,DJI Mini 4,Accessories,796.61,2
ORD-04302,2023-01-01,DJI Mini 4,Electronics,664.88,3
ORD-04303,2024-03-29,MacBook Pro,Accessories,426.69,2
ORD-04304,2023-04-24,Sony WH-1000,Accessories,4538.94,3
ORD-04305,2023-04-11,Nikon Z6,Electronics,2263.55,3
ORD-04306,2024-10-11,Galaxy Tab,Electronics,1407.45,4
ORD-04307,2023-02-22,Samsung S24,Accessories,3377.62,2
ORD-04308,2023-04-16,Canon R5,Accessories,3206.08,2
ORD-04309,2023-06-20,Canon R5,Electronics,2002.31,3
ORD-04310,2023-09-18,MacBook Pro,Electronics,2998.18,5
ORD-04311,2024-01-30,Samsung S24,Electronics,1787.57,4
ORD-04312,2023-08-03,Samsung S24,Camera,4293.37,4
ORD-04313,2023-11-06,Samsung S24,Electronics,2328.22,2
ORD-04314,2024-12-20,Dell XPS 13,Electronics,1698.34,1
ORD-04315,2023-07-20,DJI Mini 4,Accessories,6541.85,4
ORD-04316,2023-08-22,iPhone 15,Camera,5805.62,5
ORD-04317,2023-11-18,Sony WH-1000,Camera,2533.61,2
ORD-04318,2024-10-08,Galaxy Tab,Camera,4789.16,3
ORD-04319,2024-07-07,Samsung S24,Accessories,1234.82,4
ORD-04320,2023-06-03,MacBook Pro,Electronics,1811.58,4
ORD-04321,2024-03-24,Sony WH-1000,Camera,5021.45,4
ORD-04322,2023-03-31,Nikon Z6,Electronics,1343.93,1
ORD-04323,2024-01-20,Sony WH-1000,Camera,3249.41,2
ORD-04324,2024-12-27,DJI Mini 4,Accessories,3403.29,3
ORD-04325,2023-08-19,Canon R5,Camera,6255.98,4
ORD-04326,2024-09-12,Dell XPS 13,Camera,206.25,1
ORD-04327,2023-01-05,iPad Air,Electronics,3267.42,5
ORD-04328,2024-10-28,DJI Mini 4,Electronics,1809.8,2
ORD-04329,2024-01-15,Sony WH-1000,Accessories,4626.36,3
ORD-04330,2023-05-26,iPhone 15,Accessories,3209.78,3
ORD-04331,2023-02-27,DJI Mini 4,Accessories,1701.51,1
ORD-04332,2023-05-03,Sony WH-1000,Camera,3726.14,3
ORD-04333,2024-03-12,Sony WH-1000,Electronics,2623.03,2
ORD-04334,2023-03-10,Dell XPS 13,Accessories,3799.37,2
ORD-04335,2023-05-21,iPhone 15,Electronics,4441.42,3
ORD-04336,2024-09-03,DJI Mini 4,Electronics,696.16,1
ORD-04337,2024-01-17,Samsung S24,Camera,8708.39,5
ORD-04338,2024-12-26,Sony WH-1000,Accessories,2757.29,2
ORD-04339,2023-11-06,Galaxy Tab,Camera,3592.29,5
ORD-04340,2023-05-24,Sony WH-1000,Camera,1337.38,3
ORD-04341,2023-07-10,iPad Air,Camera,450.04,4
ORD-04342,2023-07-20,Canon R5,Electronics,3090.17,5
ORD-04343,2023-02-22,Nikon Z6,Electronics,3931.47,3
ORD-04344,2024-09-28,Canon R5,Accessories,966.28,4
ORD-04345,2023-07-19,iPad Air,Camera,2068.21,5
ORD-04346,2024-11-28,Galaxy Tab,Camera,3280.51,2
ORD-04347,2023-05-27,Galaxy Tab,Electronics,5497.35,3
ORD-04348,2023-04-21,Dell XPS 13,Electronics,2322.65,5
ORD-04349,2023-06-24,Canon R5,Electronics,2097.08,2
ORD-04350,2023-03-14,MacBook Pro,Accessories,1071.83,3
ORD-04351,2023-10-03,Galaxy Tab,Accessories,1723.06,1
ORD-04352,2023-01-02,Canon R5,Electronics,8995.16,5
ORD-04353,2023-12-22,Canon R5,Accessories,952.35,1
ORD-04354,2023-04-23,Galaxy Tab,Electronics,484.03,2
ORD-04355,2024-10-14,Samsung S24,Camera,6738.78,4
ORD-04356,2023-11-24,Nikon Z6,Accessories,2090.34,4
ORD-04357,2023-12-10,Canon R5,Accessories,797.14,1
ORD-04358,2023-01-12,DJI Mini 4,Accessories,2532.15,3
ORD-04359,2023-12-10,MacBook Pro,Electronics,410.09,3
ORD-04360,2023-09-30,iPad Air,Electronics,1397.32,3
ORD-04361,2023-05-22,DJI Mini 4,Camera,2664.21,4
ORD-04362,2024-09-14,Dell XPS 13,Electronics,2849.76,3
ORD-04363,2023-05-04,iPad Air,Camera,4091.81,5
ORD-04364,2023-02-23,Galaxy Tab,Camera,4745.24,4
ORD-04365,2023-02-28,Sony WH-1000,Electronics,1607.58,3
ORD-04366,2023-01-01,Sony WH-1000,Electronics,1747.58,5
ORD-04367,2023-04-09,Samsung S24,Camera,3308.49,2
ORD-04368,2024-10-14,Samsung S24,Accessories,5313.15,4
ORD-04369,2024-07-28,DJI Mini 4,Electronics,4630.8,4
ORD-04370,2024-08-19,iPhone 15,Accessories,1959.16,3
ORD-04371,2024-11-18,DJI Mini 4,Accessories,4251.32,3
ORD-04372,2023-06-14,MacBook Pro,Camera,1520.89,1
ORD-04373,2023-03-22,Nikon Z6,Electronics,4070.16,4
ORD-04374,2024-02-21,Sony WH-1000,Electronics,693.2,1
ORD-04375,2024-11-08,Dell XPS 13,Camera,3095.82,3
ORD-04376,2023-02-27,Galaxy Tab,Accessories,4580.28,3
ORD-04377,2023-07-12,Samsung S24,Accessories,2382.4,2
ORD-04378,2023-03-09,Sony WH-1000,Accessories,5365.93,3
ORD-04379,2024-04-21,iPhone 15,Camera,2327.73,2
ORD-04380,2023-02-20,iPad Air,Electronics,5364.9,4
ORD-04381,2024-11-20,Galaxy Tab,Accessories,2008.82,5
ORD-04382,2023-07-09,Nikon Z6,Electronics,7749.83,5
ORD-04383,2023-02-09,Nikon Z6,Camera,3184.95,2
ORD-04384,2023-04-27,iPhone 15,Camera,3990.75,2
ORD-04385,2023-07-24,Canon R5,Accessories,7898.43,5
ORD-04386,2024-04-19,iPad Air,Accessories,5763.98,3
ORD-04387,2023-11-11,Sony WH-1000,Electronics,5034.12,4
ORD-04388,2023-07-18,iPad Air,Electronics,6041.42,4
ORD-04389,2023-10-05,Samsung S24,Accessories,863.43,5
ORD-04390,2023-10-08,MacBook Pro,Camera,1744.57,1
ORD-04391,2024-09-09,Canon R5,Accessories,7093.0,4
ORD-04392,2023-07-20,Canon R5,Electronics,5487.19,5
ORD-04393,2024-11-23,MacBook Pro,Accessories,432.13,4
ORD-04394,2023-07-18,Nikon Z6,Camera,564.74,1
ORD-04395,2023-12-20,iPhone 15,Accessories,2370.82,2
ORD-04396,2024-05-10,Canon R5,Accessories,3386.73,5
ORD-04397,2024-05-12,iPhone 15,Accessories,3467.31,5
ORD-04398,2024-07-28,Nikon Z6,Camera,7608.69,4
ORD-04399,2023-04-15,Samsung S24,Accessories,4718.22,4
ORD-04400,2024-07-09,Sony WH-1000,Electronics,3135.46,3
ORD-04401,2024-02-07,Canon R5,Electronics,2038.67,3
ORD-04402,2023-10-03,DJI Mini 4,Camera,1963.2,1
ORD-04403,2024-12-22,Dell XPS 13,Accessories,4535.24,5
ORD-04404,2024-01-25,Samsung S24,Accessories,4784.49,5
ORD-04405,2023-02-19,Galaxy Tab,Electronics,4000.52,4
ORD-04406,2023-03-15,iPad Air,Camera,2088.1,4
ORD-04407,2024-11-02,Dell XPS 13,Camera,4723.48,3
ORD-04408,2023-03-06,DJI Mini 4,Accessories,852.7,1
ORD-04409,2023-02-22,iPad Air,Electronics,4842.07,3
ORD-04410,2023-02-08,Samsung S24,Accessories,2177.89,2
ORD-04411,2024-07-04,Galaxy Tab,Electronics,608.96,2
ORD-04412,2024-10-02,Samsung S24,Electronics,4944.05,4
ORD-04413,2024-04-11,iPad Air,Electronics,1388.5,5
ORD-04414,2023-05-23,Nikon Z6,Accessories,3580.57,5
ORD-04415,2023-07-03,iPhone 15,Accessories,2266.62,3
ORD-04416,2023-01-10,Dell XPS 13,Accessories,148.24,1
ORD-04417,2024-03-17,Canon R5,Camera,4771.15,4
ORD-04418,2023-09-06,iPhone 15,Accessories,2333.98,3
ORD-04419,2024-10-09,Sony WH-1000,Electronics,4341.2,3
ORD-04420,2024-09-01,Sony WH-1000,Accessories,680.39,2
ORD-04421,2023-11-21,iPhone 15,Accessories,1881.56,4
ORD-04422,2024-05-04,Sony WH-1000,Electronics,2176.46,4
ORD-04423,2024-02-19,Samsung S24,Electronics,811.38,1
ORD-04424,2023-05-20,Galaxy Tab,Camera,1600.6,1
ORD-04425,2023-02-08,Nikon Z6,Camera,1113.96,3
ORD-04426,2023-10-20,Galaxy Tab,Camera,1832.29,3
ORD-04427,2024-12-16,iPhone 15,Camera,6216.02,5
ORD-04428,2023-09-26,Samsung S24,Camera,1530.15,1
ORD-04429,2024-09-17,Nikon Z6,Electronics,7165.1,5
ORD-04430,2023-06-27,Nikon Z6,Electronics,860.69,1
ORD-04431,2023-10-25,MacBook Pro,Electronics,2772.72,3
ORD-04432,2023-02-07,MacBook Pro,Camera,2505.79,3
ORD-04433,2024-07-26,Nikon Z6,Accessories,5558.18,3
ORD-04434,2023-02-21,Nikon Z6,Camera,6650.36,5
ORD-04435,2024-12-15,DJI Mini 4,Electronics,5856.68,5
ORD-04436,2023-12-29,DJI Mini 4,Accessories,1083.76,2
ORD-04437,2023-11-09,Samsung S24,Accessories,3388.58,3
ORD-04438,2023-01-29,Galaxy Tab,Camera,651.78,3
ORD-04439,2024-11-28,iPhone 15,Electronics,2146.77,3
ORD-04440,2023-08-11,Dell XPS 13,Accessories,2459.13,4
ORD-04441,2024-07-28,Canon R5,Electronics,1037.12,5
ORD-04442,2024-03-03,DJI Mini 4,Accessories,865.75,2
ORD-04443,2024-05-11,MacBook Pro,Camera,7812.08,4
ORD-04444,2023-12-29,MacBook Pro,Accessories,4381.48,3
ORD-04445,2024-05-08,iPad Air,Electronics,6114.89,5
ORD-04446,2024-02-10,Galaxy Tab,Camera,1588.99,3
ORD-04447,2023-05-01,Canon R5,Camera,6900.89,4
ORD-04448,2024-06-05,MacBook Pro,Accessories,6890.58,5
ORD-04449,2023-12-15,Nikon Z6,Accessories,3023.19,2
ORD-04450,2023-01-22,MacBook Pro,Camera,3690.01,2
ORD-04451,2023-01-05,Sony WH-1000,Camera,9009.47,5
ORD-04452,2023-07-31,Samsung S24,Accessories,7636.36,4
ORD-04453,2023-07-24,Galaxy Tab,Camera,8017.69,5
ORD-04454,2024-06-26,Dell XPS 13,Accessories,325.97,1
ORD-04455,2023-02-10,Dell XPS 13,Camera,2547.3,2
ORD-04456,2024-03-23,Sony WH-1000,Camera,2803.17,2
ORD-04457,2023-07-28,Dell XPS 13,Electronics,2986.86,3
ORD-04458,2023-08-22,Dell XPS 13,Electronics,1923.76,2
ORD-04459,2023-11-07,iPhone 15,Accessories,892.68,2
ORD-04460,2023-05-20,Dell XPS 13,Accessories,2537.99,4
ORD-04461,2023-12-12,Nikon Z6,Electronics,2641.02,4
ORD-04462,2023-12-11,Samsung S24,Electronics,6632.69,5
ORD-04463,2023-11-28,iPad Air,Electronics,370.86,1
ORD-04464,2024-02-27,iPad Air,Camera,8628.06,5
ORD-04465,2023-11-18,Nikon Z6,Accessories,2367.52,3
ORD-04466,2023-02-12,Galaxy Tab,Electronics,5634.75,5
ORD-04467,2024-10-02,MacBook Pro,Electronics,1414.46,1
ORD-04468,2023-07-13,Samsung S24,Electronics,120.51,1
ORD-04469,2023-12-18,Dell XPS 13,Camera,1354.47,1
ORD-04470,2023-12-11,MacBook Pro,Electronics,6157.68,4
ORD-04471,2023-08-08,Dell XPS 13,Camera,3754.67,2
ORD-04472,2023-11-16,Galaxy Tab,Camera,6869.28,5
ORD-04473,2023-10-01,MacBook Pro,Camera,1422.57,1
ORD-04474,2023-10-31,Sony WH-1000,Electronics,3359.09,2
ORD-04475,2023-10-07,DJI Mini 4,Electronics,1741.21,1
ORD-04476,2023-04-09,MacBook Pro,Camera,1986.03,1
ORD-04477,2024-10-14,Dell XPS 13,Accessories,1452.66,1
ORD-04478,2024-11-13,Canon R5,Accessories,701.92,2
ORD-04479,2024-05-03,MacBook Pro,Electronics,883.96,5
ORD-04480,2024-04-18,DJI Mini 4,Electronics,1676.59,1
ORD-04481,2024-09-07,Sony WH-1000,Camera,3450.63,2
ORD-04482,2024-08-03,Sony WH-1000,Accessories,1128.54,1
ORD-04483,2024-10-26,iPad Air,Accessories,921.14,1
ORD-04484,2024-01-26,DJI Mini 4,Camera,4432.34,5
ORD-04485,2023-04-23,Nikon Z6,Electronics,3690.68,2
ORD-04486,2024-07-15,Nikon Z6,Camera,3008.53,2
ORD-04487,2024-12-16,iPad Air,Accessories,2576.68,2
ORD-04488,2023-05-07,MacBook Pro,Camera,5991.39,5
ORD-04489,2024-05-22,iPad Air,Accessories,2399.92,3
ORD-04490,2024-06-18,iPhone 15,Accessories,3315.72,4
ORD-04491,2024-01-21,Dell XPS 13,Accessories,1316.23,2
ORD-04492,2023-01-26,MacBook Pro,Camera,5946.98,3
ORD-04493,2023-12-06,DJI Mini 4,Accessories,2406.71,4
ORD-04494,2024-02-25,MacBook Pro,Accessories,6660.35,5
ORD-04495,2023-11-26,iPhone 15,Accessories,7976.04,4
ORD-04496,2024-12-31,iPad Air,Camera,5707.48,4
ORD-04497,2024-05-11,Dell XPS 13,Camera,4210.38,4
ORD-04498,2023-11-12,Galaxy Tab,Accessories,1014.09,2
ORD-04499,2023-05-17,iPad Air,Accessories,301.51,2
ORD-04500,2023-11-05,Canon R5,Accessories,9855.79,5
ORD-04501,2024-04-15,DJI Mini 4,Electronics,6657.77,4
ORD-04502,2024-01-31,Galaxy Tab,Accessories,4731.51,3
ORD-04503,2023-08-11,Canon R5,Camera,3267.2,4
ORD-04504,2024-03-07,iPad Air,Electronics,5116.6,4
ORD-04505,2023-03-13,DJI Mini 4,Electronics,4524.36,3
ORD-04506,2023-11-12,Sony WH-1000,Accessories,1637.8,1
ORD-04507,2023-02-02,MacBook Pro,Electronics,707.0,4
ORD-04508,2024-05-09,Nikon Z6,Accessories,1307.25,1
ORD-04509,2023-08-12,Samsung S24,Electronics,3910.61,4
ORD-04510,2024-07-20,MacBook Pro,Electronics,701.94,2
ORD-04511,2023-05-31,Sony WH-1000,Accessories,601.28,2
ORD-04512,2023-03-23,DJI Mini 4,Accessories,4320.95,5
ORD-04513,2024-05-30,Samsung S24,Accessories,732.5,5
ORD-04514,2024-02-18,DJI Mini 4,Camera,5804.36,4
ORD-04515,2023-08-06,Sony WH-1000,Accessories,1696.59,5
ORD-04516,2024-01-24,Samsung S24,Electronics,8789.46,5
ORD-04517,2023-09-13,MacBook Pro,Electronics,715.99,2
ORD-04518,2023-12-05,Dell XPS 13,Camera,5498.47,3
ORD-04519,2023-07-18,Dell XPS 13,Camera,4200.16,5
ORD-04520,2023-08-22,Nikon Z6,Accessories,473.71,4
ORD-04521,2023-11-11,iPad Air,Camera,5249.08,4
ORD-04522,2023-05-30,Galaxy Tab,Accessories,811.64,3
ORD-04523,2024-10-09,Nikon Z6,Camera,1141.56,5
ORD-04524,2023-12-23,iPad Air,Electronics,5003.8,4
ORD-04525,2023-02-24,DJI Mini 4,Camera,2980.82,3
ORD-04526,2024-03-04,Samsung S24,Electronics,3437.18,3
ORD-04527,2024-11-08,Canon R5,Camera,7792.32,4
ORD-04528,2024-07-26,DJI Mini 4,Camera,416.45,2
ORD-04529,2024-10-24,Nikon Z6,Electronics,457.06,1
ORD-04530,2023-12-06,Dell XPS 13,Electronics,889.75,1
ORD-04531,2023-04-30,iPad Air,Camera,2240.25,2
ORD-04532,2023-05-13,iPad Air,Electronics,571.49,1
ORD-04533,2023-09-18,iPhone 15,Camera,1962.5,5
ORD-04534,2024-01-30,Galaxy Tab,Accessories,1332.2,1
ORD-04535,2023-07-13,Sony WH-1000,Camera,3582.37,5
ORD-04536,2023-04-09,Nikon Z6,Electronics,8268.22,5
ORD-04537,2023-03-21,Canon R5,Camera,2168.86,3
ORD-04538,2024-10-08,MacBook Pro,Camera,9168.48,5
ORD-04539,2023-10-25,Nikon Z6,Accessories,938.55,1
ORD-04540,2023-11-06,Dell XPS 13,Accessories,2862.56,2
ORD-04541,2024-09-27,Sony WH-1000,Electronics,4304.05,4
ORD-04542,2023-01-12,Galaxy Tab,Electronics,2762.65,4
ORD-04543,2023-06-10,Sony WH-1000,Accessories,3417.44,2
ORD-04544,2024-08-12,iPad Air,Electronics,1316.53,2
ORD-04545,2023-01-29,iPad Air,Electronics,134.14,1
ORD-04546,2023-02-26,Sony WH-1000,Camera,2648.64,3
ORD-04547,2023-02-22,Canon R5,Electronics,689.73,1
ORD-04548,2023-10-12,MacBook Pro,Camera,1047.64,5
ORD-04549,2024-09-05,Nikon Z6,Accessories,3816.12,2
ORD-04550,2024-07-04,Nikon Z6,Camera,2547.39,4
ORD-04551,2023-12-23,MacBook Pro,Electronics,2477.03,2
ORD-04552,2023-10-11,DJI Mini 4,Camera,3769.86,3
ORD-04553,2024-05-26,Samsung S24,Accessories,6737.02,5
ORD-04554,2024-04-02,Sony WH-1000,Electronics,4787.6,4
ORD-04555,2023-04-07,iPad Air,Accessories,4467.8,3
ORD-04556,2024-04-05,Sony WH-1000,Camera,2200.43,3
ORD-04557,2023-10-30,Galaxy Tab,Accessories,2677.94,2
ORD-04558,2023-06-19,Sony WH-1000,Camera,654.24,3
ORD-04559,2023-07-10,Dell XPS 13,Accessories,4378.25,4
ORD-04560,2024-10-24,Canon R5,Electronics,797.81,1
ORD-04561,2023-09-03,Nikon Z6,Accessories,541.79,1
ORD-04562,2023-01-18,DJI Mini 4,Camera,960.42,5
ORD-04563,2024-06-04,Nikon Z6,Accessories,1253.25,1
ORD-04564,2024-04-19,Samsung S24,Accessories,1712.71,2
ORD-04565,2023-12-17,Samsung S24,Electronics,6859.41,5
ORD-04566,2024-09-01,iPad Air,Camera,3641.21,3
ORD-04567,2023-10-22,Dell XPS 13,Electronics,7453.76,4
ORD-04568,2024-01-20,Canon R5,Camera,8919.44,5
ORD-04569,2023-06-02,MacBook Pro,Camera,8078.24,5
ORD-04570,2023-02-02,iPad Air,Camera,8029.21,5
ORD-04571,2023-07-02,MacBook Pro,Accessories,4186.14,4
ORD-04572,2024-11-28,Samsung S24,Camera,203.66,2
ORD-04573,2024-08-14,Dell XPS 13,Accessories,4923.79,5
ORD-04574,2023-01-28,DJI Mini 4,Electronics,5437.74,3
ORD-04575,2024-08-03,Sony WH-1000,Electronics,195.42,1
ORD-04576,2023-07-02,iPad Air,Electronics,4573.28,5
ORD-04577,2023-09-17,Canon R5,Electronics,1224.68,1
ORD-04578,2024-05-11,iPhone 15,Camera,2707.89,2
ORD-04579,2023-04-05,Nikon Z6,Accessories,530.25,2
ORD-04580,2023-10-06,Dell XPS 13,Accessories,4527.37,3
ORD-04581,2023-04-13,MacBook Pro,Electronics,2170.05,3
ORD-04582,2023-11-21,Galaxy Tab,Electronics,1889.99,1
ORD-04583,2023-02-13,Sony WH-1000,Electronics,3641.76,5
ORD-04584,2023-08-19,iPad Air,Electronics,2383.17,3
ORD-04585,2023-08-30,Samsung S24,Camera,1365.55,5
ORD-04586,2023-04-22,iPhone 15,Camera,3676.58,3
ORD-04587,2023-04-24,Galaxy Tab,Accessories,3518.45,2
ORD-04588,2023-02-25,Nikon Z6,Electronics,6681.72,4
ORD-04589,2024-08-05,Galaxy Tab,Accessories,5196.15,3
ORD-04590,2023-06-30,Nikon Z6,Accessories,7564.41,4
ORD-04591,2024-02-17,iPad Air,Accessories,4372.33,5
ORD-04592,2023-01-27,Galaxy Tab,Electronics,1662.45,3
ORD-04593,2023-05-14,iPhone 15,Electronics,1688.21,3
ORD-04594,2024-05-24,iPhone 15,Accessories,1325.69,4
ORD-04595,2023-03-27,Nikon Z6,Camera,8878.84,5
ORD-04596,2024-01-29,Galaxy Tab,Electronics,470.15,1
ORD-04597,2023-12-27,Canon R5,Accessories,1504.78,3
ORD-04598,2023-04-12,Sony WH-1000,Camera,2270.84,2
ORD-04599,2024-02-14,DJI Mini 4,Accessories,6582.33,4
ORD-04600,2023-06-11,DJI Mini 4,Electronics,240.48,2
ORD-04601,2023-09-25,Canon R5,Camera,1136.03,2
ORD-04602,2023-02-05,MacBook Pro,Electronics,1921.96,2
ORD-04603,2023-09-23,MacBook Pro,Accessories,3800.27,5
ORD-04604,2023-05-24,Galaxy Tab,Accessories,1372.38,1
ORD-04605,2023-01-03,Nikon Z6,Accessories,807.79,2
ORD-04606,2024-09-01,Dell XPS 13,Accessories,2148.01,2
ORD-04607,2023-05-24,Samsung S24,Accessories,4777.18,5
ORD-04608,2023-03-01,MacBook Pro,Camera,1937.49,3
ORD-04609,2023-12-23,Dell XPS 13,Electronics,2531.99,5
ORD-04610,2024-06-06,Galaxy Tab,Electronics,826.08,1
ORD-04611,2023-05-11,Galaxy Tab,Camera,1309.36,1
ORD-04612,2024-04-14,Galaxy Tab,Camera,490.04,3
ORD-04613,2023-02-23,iPad Air,Electronics,1776.07,2
ORD-04614,2024-05-23,Samsung S24,Camera,278.44,1
ORD-04615,2023-12-25,Sony WH-1000,Electronics,1325.19,3
ORD-04616,2024-06-07,Nikon Z6,Electronics,4707.56,4
ORD-04617,2024-02-20,iPad Air,Electronics,5472.73,4
ORD-04618,2024-06-17,MacBook Pro,Accessories,7427.4,4
ORD-04619,2023-10-11,Nikon Z6,Camera,546.02,2
ORD-04620,2024-07-06,iPhone 15,Electronics,805.23,5
ORD-04621,2023-03-06,Galaxy Tab,Accessories,1027.94,2
ORD-04622,2024-02-14,iPhone 15,Accessories,7229.05,4
ORD-04623,2023-11-22,Samsung S24,Camera,1605.49,1
ORD-04624,2023-08-27,DJI Mini 4,Accessories,288.27,1
ORD-04625,2024-07-27,iPhone 15,Accessories,4338.95,5
ORD-04626,2023-09-21,Nikon Z6,Accessories,6602.36,5
ORD-04627,2024-12-09,Canon R5,Camera,2380.34,4
ORD-04628,2023-04-16,Galaxy Tab,Camera,6085.0,4
ORD-04629,2024-02-13,iPad Air,Accessories,712.11,1
ORD-04630,2024-11-06,Samsung S24,Electronics,8497.74,5
ORD-04631,2023-01-09,Dell XPS 13,Camera,2009.16,2
ORD-04632,2023-08-21,MacBook Pro,Electronics,3887.83,2
ORD-04633,2024-05-24,DJI Mini 4,Camera,7655.46,4
ORD-04634,2023-09-27,iPad Air,Accessories,935.22,1
ORD-04635,2024-11-07,Canon R5,Accessories,8656.92,5
ORD-04636,2023-02-26,iPad Air,Accessories,5181.84,4
ORD-04637,2024-02-10,iPhone 15,Electronics,1630.42,1
ORD-04638,2024-09-13,Canon R5,Accessories,1391.18,2
ORD-04639,2023-04-02,MacBook Pro,Accessories,3574.05,3
ORD-04640,2023-03-09,Canon R5,Electronics,3914.75,2
ORD-04641,2023-09-15,iPad Air,Camera,2380.28,3
ORD-04642,2024-03-10,iPad Air,Camera,5441.76,5
ORD-04643,2023-06-08,Nikon Z6,Camera,3061.44,5
ORD-04644,2023-05-06,MacBook Pro,Electronics,1303.37,3
ORD-04645,2023-12-02,Galaxy Tab,Electronics,2977.12,2
ORD-04646,2024-08-28,Galaxy Tab,Camera,4125.65,5
ORD-04647,2024-11-08,Nikon Z6,Accessories,641.25,1
ORD-04648,2023-01-01,DJI Mini 4,Electronics,1429.82,2
ORD-04649,2023-02-05,iPad Air,Accessories,3240.96,2
ORD-04650,2023-01-07,Nikon Z6,Accessories,838.85,3
ORD-04651,2023-10-12,Galaxy Tab,Electronics,953.84,1
ORD-04652,2023-09-07,Samsung S24,Accessories,5032.9,3
ORD-04653,2023-04-22,Sony WH-1000,Electronics,1550.2,1
ORD-04654,2023-11-21,DJI Mini 4,Accessories,4045.94,4
ORD-04655,2023-01-22,DJI Mini 4,Electronics,440.85,1
ORD-04656,2024-03-15,iPad Air,Electronics,562.24,2
ORD-04657,2024-08-24,Canon R5,Electronics,684.07,3
ORD-04658,2023-05-13,Sony WH-1000,Electronics,8046.02,5
ORD-04659,2023-07-06,Canon R5,Electronics,398.45,1
ORD-04660,2024-11-10,iPad Air,Electronics,7157.54,4
ORD-04661,2023-01-09,DJI Mini 4,Electronics,2226.83,5
ORD-04662,2024-07-11,Sony WH-1000,Camera,4909.64,3
ORD-04663,2024-01-03,Nikon Z6,Accessories,1149.17,3
ORD-04664,2023-06-11,iPhone 15,Electronics,1446.78,1
ORD-04665,2024-07-06,Dell XPS 13,Electronics,4733.23,5
ORD-04666,2023-06-23,iPad Air,Electronics,544.32,4
ORD-04667,2024-07-06,Samsung S24,Camera,7398.93,4
ORD-04668,2023-01-14,iPad Air,Accessories,1534.39,1
ORD-04669,2023-03-27,Nikon Z6,Electronics,4647.33,3
ORD-04670,2024-03-14,Canon R5,Accessories,6352.22,5
ORD-04671,2023-12-12,DJI Mini 4,Accessories,3541.02,4
ORD-04672,2023-12-05,iPad Air,Camera,1803.52,2
ORD-04673,2024-10-06,Canon R5,Accessories,869.82,2
ORD-04674,2023-11-07,iPad Air,Accessories,480.24,1
ORD-04675,2023-06-12,iPad Air,Camera,1092.82,2
ORD-04676,2024-07-30,DJI Mini 4,Accessories,5151.75,3
ORD-04677,2024-10-17,Dell XPS 13,Camera,3125.88,3
ORD-04678,2024-11-11,MacBook Pro,Electronics,1323.92,1
ORD-04679,2024-08-05,MacBook Pro,Camera,3456.64,3
ORD-04680,2023-06-10,Samsung S24,Accessories,193.42,1
ORD-04681,2023-05-10,Sony WH-1000,Electronics,1445.87,1
ORD-04682,2023-01-05,Nikon Z6,Electronics,1543.96,4
ORD-04683,2024-06-27,MacBook Pro,Camera,5815.95,3
ORD-04684,2023-01-05,iPhone 15,Camera,628.0,2
ORD-04685,2024-09-13,MacBook Pro,Accessories,2749.63,3
ORD-04686,2023-05-13,Nikon Z6,Electronics,598.4,2
ORD-04687,2023-06-02,Nikon Z6,Camera,1621.02,3
ORD-04688,2023-01-06,Galaxy Tab,Accessories,1764.62,3
ORD-04689,2023-11-30,iPad Air,Camera,5047.53,3
ORD-04690,2024-02-26,iPhone 15,Camera,354.98,1
ORD-04691,2024-11-30,Samsung S24,Electronics,1193.77,4
ORD-04692,2024-05-26,Nikon Z6,Camera,522.34,3
ORD-04693,2023-11-14,Dell XPS 13,Camera,1420.46,4
ORD-04694,2024-12-13,Galaxy Tab,Electronics,944.76,2
ORD-04695,2023-04-06,Dell XPS 13,Electronics,7797.82,4
ORD-04696,2023-03-26,Galaxy Tab,Electronics,1718.12,3
ORD-04697,2023-07-07,Canon R5,Electronics,7941.13,4
ORD-04698,2023-03-26,iPad Air,Electronics,9896.25,5
ORD-04699,2023-09-28,Samsung S24,Camera,2266.73,5
ORD-04700,2024-09-08,Samsung S24,Electronics,7220.35,5
ORD-04701,2023-07-26,Sony WH-1000,Accessories,4012.95,3
ORD-04702,2023-08-10,Canon R5,Accessories,1967.46,1
ORD-04703,2024-12-16,Nikon Z6,Camera,1164.68,1
ORD-04704,2023-11-18,MacBook Pro,Camera,2179.08,2
ORD-04705,2024-11-14,DJI Mini 4,Electronics,6270.72,4
ORD-04706,2024-06-13,MacBook Pro,Accessories,1004.12,2
ORD-04707,2024-08-11,Nikon Z6,Camera,276.52,1
ORD-04708,2023-09-06,DJI Mini 4,Camera,592.58,1
ORD-04709,2023-02-15,iPad Air,Electronics,3010.62,3
ORD-04710,2024-12-22,iPhone 15,Camera,3574.33,3
ORD-04711,2023-03-17,iPad Air,Accessories,3558.39,2
ORD-04712,2024-10-16,Dell XPS 13,Camera,4586.33,4
ORD-04713,2024-05-01,Samsung S24,Electronics,521.53,1
ORD-04714,2024-08-03,Nikon Z6,Electronics,5958.76,4
ORD-04715,2024-09-10,iPad Air,Camera,6069.52,5
ORD-04716,2023-01-18,Canon R5,Accessories,8639.6,5
ORD-04717,2024-03-15,DJI Mini 4,Accessories,1680.07,4
ORD-04718,2023-07-11,Nikon Z6,Camera,2502.27,2
ORD-04719,2023-04-02,DJI Mini 4,Accessories,5090.61,5
ORD-04720,2024-11-08,Sony WH-1000,Electronics,8540.61,5
ORD-04721,2024-06-13,Dell XPS 13,Accessories,4827.81,4
ORD-04722,2024-07-20,Samsung S24,Accessories,1540.47,4
ORD-04723,2024-10-27,Dell XPS 13,Camera,2351.75,4
ORD-04724,2024-11-07,MacBook Pro,Accessories,936.29,1
ORD-04725,2023-11-15,DJI Mini 4,Accessories,2330.62,2
ORD-04726,2023-08-16,iPhone 15,Electronics,4172.14,3
ORD-04727,2023-08-25,Nikon Z6,Accessories,662.75,4
ORD-04728,2023-04-21,MacBook Pro,Camera,5594.65,3
ORD-04729,2024-05-01,Nikon Z6,Electronics,6966.84,5
ORD-04730,2023-09-14,iPhone 15,Electronics,2186.82,2
ORD-04731,2023-04-18,Dell XPS 13,Electronics,7624.31,4
ORD-04732,2023-04-10,Canon R5,Camera,1108.12,2
ORD-04733,2024-01-15,Nikon Z6,Accessories,1478.06,5
ORD-04734,2023-03-27,DJI Mini 4,Camera,901.95,2
ORD-04735,2024-07-06,iPhone 15,Accessories,713.0,1
ORD-04736,2023-07-26,Samsung S24,Camera,9915.35,5
ORD-04737,2024-03-09,MacBook Pro,Accessories,1029.95,2
ORD-04738,2024-07-07,Canon R5,Electronics,4495.38,5
ORD-04739,2024-11-08,Canon R5,Camera,4640.55,5
ORD-04740,2023-09-28,Canon R5,Camera,1728.93,1
ORD-04741,2024-03-13,Nikon Z6,Accessories,1044.68,1
ORD-04742,2023-05-07,Canon R5,Electronics,1373.87,1
ORD-04743,2024-05-12,Sony WH-1000,Camera,1519.11,2
ORD-04744,2024-06-03,iPad Air,Electronics,6437.97,5
ORD-04745,2024-08-26,Canon R5,Electronics,791.06,1
ORD-04746,2023-10-27,Dell XPS 13,Electronics,3006.52,2
ORD-04747,2023-09-03,DJI Mini 4,Accessories,1546.54,1
ORD-04748,2023-07-12,Dell XPS 13,Camera,1261.02,1
ORD-04749,2024-10-15,Samsung S24,Accessories,736.25,2
ORD-04750,2024-07-14,Galaxy Tab,Accessories,1460.92,1
ORD-04751,2023-01-15,DJI Mini 4,Accessories,1811.95,1
ORD-04752,2023-07-24,iPad Air,Electronics,3716.31,5
ORD-04753,2024-08-07,iPhone 15,Electronics,1013.65,2
ORD-04754,2024-05-06,Canon R5,Electronics,3785.72,2
ORD-04755,2023-10-11,Dell XPS 13,Accessories,1077.67,1
ORD-04756,2023-11-25,DJI Mini 4,Camera,5515.67,4
ORD-04757,2024-06-23,Dell XPS 13,Camera,4184.94,3
ORD-04758,2023-09-13,Dell XPS 13,Electronics,5572.6,3
ORD-04759,2023-03-28,MacBook Pro,Accessories,5419.36,3
ORD-04760,2024-06-21,DJI Mini 4,Electronics,5648.11,3
ORD-04761,2023-06-29,Samsung S24,Camera,8944.18,5
ORD-04762,2024-08-23,DJI Mini 4,Electronics,3378.71,5
ORD-04763,2024-03-16,Galaxy Tab,Accessories,3612.7,2
ORD-04764,2024-07-06,Nikon Z6,Camera,8458.05,5
ORD-04765,2024-04-02,Dell XPS 13,Camera,3659.96,2
ORD-04766,2024-10-03,Nikon Z6,Camera,2123.7,3
ORD-04767,2024-07-17,Galaxy Tab,Accessories,407.95,4
ORD-04768,2023-01-13,DJI Mini 4,Electronics,3550.16,4
ORD-04769,2023-09-22,DJI Mini 4,Electronics,1706.76,1
ORD-04770,2023-12-24,iPhone 15,Accessories,1280.16,2
ORD-04771,2023-03-02,Galaxy Tab,Electronics,4393.52,4
ORD-04772,2023-03-26,DJI Mini 4,Electronics,1795.51,2
ORD-04773,2024-10-21,Sony WH-1000,Electronics,522.32,2
ORD-04774,2023-02-19,Nikon Z6,Camera,612.46,1
ORD-04775,2024-05-01,iPad Air,Camera,5552.95,3
ORD-04776,2023-04-25,DJI Mini 4,Electronics,5353.79,3
ORD-04777,2023-07-17,iPad Air,Accessories,2506.6,3
ORD-04778,2023-08-17,iPhone 15,Electronics,1673.21,1
ORD-04779,2023-03-27,Samsung S24,Accessories,8249.51,5
ORD-04780,2024-12-16,Samsung S24,Electronics,5669.02,3
ORD-04781,2024-08-04,Galaxy Tab,Accessories,2082.43,3
ORD-04782,2023-05-16,Galaxy Tab,Electronics,3134.89,3
ORD-04783,2024-04-11,Canon R5,Camera,5882.5,3
ORD-04784,2024-06-09,Galaxy Tab,Accessories,4394.25,4
ORD-04785,2023-01-07,Galaxy Tab,Accessories,3879.47,5
ORD-04786,2023-04-05,iPhone 15,Accessories,3900.53,2
ORD-04787,2023-12-10,DJI Mini 4,Camera,5999.99,4
ORD-04788,2023-03-17,Samsung S24,Camera,1016.28,2
ORD-04789,2023-12-12,Galaxy Tab,Electronics,875.42,2
ORD-04790,2024-12-08,Canon R5,Accessories,954.73,1
ORD-04791,2024-09-21,Nikon Z6,Camera,5127.65,4
ORD-04792,2024-02-15,Nikon Z6,Electronics,8422.59,5
ORD-04793,2024-08-13,MacBook Pro,Accessories,1841.99,1
ORD-04794,2024-06-27,Nikon Z6,Accessories,1276.56,2
ORD-04795,2023-01-08,Galaxy Tab,Camera,1648.75,3
ORD-04796,2023-11-01,Galaxy Tab,Accessories,4144.41,5
ORD-04797,2023-02-23,DJI Mini 4,Camera,6936.3,4
ORD-04798,2024-03-16,Canon R5,Accessories,2426.72,5
ORD-04799,2023-11-20,Canon R5,Accessories,1075.93,2
ORD-04800,2023-10-19,iPad Air,Accessories,3318.14,2
ORD-04801,2023-08-29,Galaxy Tab,Camera,5824.81,3
ORD-04802,2023-07-20,iPad Air,Accessories,5124.83,5
ORD-04803,2024-12-22,Canon R5,Accessories,5635.02,3
ORD-04804,2024-12-19,Galaxy Tab,Electronics,1990.8,2
ORD-04805,2024-06-19,DJI Mini 4,Camera,1610.1,4
ORD-04806,2023-06-25,MacBook Pro,Camera,3839.84,2
ORD-04807,2023-06-26,Nikon Z6,Camera,3916.04,2
ORD-04808,2024-11-25,iPhone 15,Camera,1338.47,1
ORD-04809,2024-08-22,Nikon Z6,Electronics,7026.7,5
ORD-04810,2023-10-18,iPhone 15,Accessories,996.72,1
ORD-04811,2024-01-19,iPhone 15,Camera,4446.85,3
ORD-04812,2023-07-29,Galaxy Tab,Accessories,1650.25,5
ORD-04813,2023-02-11,iPhone 15,Accessories,2571.32,2
ORD-04814,2023-02-20,MacBook Pro,Camera,5589.76,4
ORD-04815,2023-10-27,MacBook Pro,Accessories,7965.91,5
ORD-04816,2024-02-14,Sony WH-1000,Electronics,1319.93,4
ORD-04817,2023-10-08,iPad Air,Electronics,1287.97,3
ORD-04818,2023-07-06,iPhone 15,Camera,3445.21,2
ORD-04819,2024-12-15,DJI Mini 4,Accessories,493.92,1
ORD-04820,2024-10-26,Sony WH-1000,Accessories,3216.05,2
ORD-04821,2023-09-05,Samsung S24,Camera,1182.19,1
ORD-04822,2024-05-09,Dell XPS 13,Accessories,992.62,5
ORD-04823,2024-05-23,Dell XPS 13,Camera,4033.32,3
ORD-04824,2024-06-02,Nikon Z6,Camera,1315.66,4
ORD-04825,2024-07-27,DJI Mini 4,Electronics,4114.64,5
ORD-04826,2023-05-27,Galaxy Tab,Electronics,1519.23,2
ORD-04827,2023-03-14,MacBook Pro,Camera,532.23,1
ORD-04828,2023-06-02,Galaxy Tab,Electronics,3807.16,2
ORD-04829,2023-03-05,Galaxy Tab,Camera,6694.22,4
ORD-04830,2023-03-15,iPad Air,Camera,2789.84,4
ORD-04831,2023-06-29,Canon R5,Camera,574.57,3
ORD-04832,2023-03-21,Canon R5,Camera,7890.6,4
ORD-04833,2024-03-16,Samsung S24,Electronics,1580.96,1
ORD-04834,2023-10-20,Sony WH-1000,Electronics,2211.34,5
ORD-04835,2023-04-30,Canon R5,Camera,5885.43,5
ORD-04836,2023-12-27,iPhone 15,Electronics,1351.12,1
ORD-04837,2024-11-19,Canon R5,Electronics,1744.21,1
ORD-04838,2024-04-15,Nikon Z6,Camera,2545.95,3
ORD-04839,2023-10-01,Dell XPS 13,Accessories,4238.9,5
ORD-04840,2023-08-11,Dell XPS 13,Accessories,2746.19,4
ORD-04841,2024-01-15,DJI Mini 4,Camera,2761.63,4
ORD-04842,2023-06-02,iPhone 15,Accessories,7574.4,4
ORD-04843,2023-12-30,iPad Air,Camera,2068.63,4
ORD-04844,2023-09-24,iPhone 15,Electronics,7528.18,4
ORD-04845,2023-02-06,iPhone 15,Electronics,1668.45,2
ORD-04846,2024-04-05,Nikon Z6,Accessories,3838.16,5
ORD-04847,2023-01-15,Sony WH-1000,Accessories,3675.33,5
ORD-04848,2024-11-10,Canon R5,Electronics,5436.72,4
ORD-04849,2024-12-26,iPhone 15,Electronics,2522.7,3
ORD-04850,2024-01-30,Canon R5,Electronics,1625.71,1
ORD-04851,2024-03-21,Canon R5,Accessories,1359.68,3
ORD-04852,2023-03-17,Galaxy Tab,Camera,4006.29,5
ORD-04853,2024-12-22,Samsung S24,Electronics,2927.04,4
ORD-04854,2024-01-22,Dell XPS 13,Electronics,7634.21,4
ORD-04855,2024-01-18,Dell XPS 13,Electronics,1612.64,1
ORD-04856,2023-01-25,Galaxy Tab,Electronics,2076.29,2
ORD-04857,2024-08-01,Dell XPS 13,Electronics,531.56,1
ORD-04858,2023-05-03,Galaxy Tab,Camera,6006.14,4
ORD-04859,2024-01-24,DJI Mini 4,Camera,2235.22,2
ORD-04860,2023-10-24,DJI Mini 4,Camera,2717.07,3
ORD-04861,2023-03-21,DJI Mini 4,Electronics,3613.08,4
ORD-04862,2023-07-10,Canon R5,Camera,4549.74,4
ORD-04863,2024-06-27,Dell XPS 13,Electronics,446.92,1
ORD-04864,2023-10-05,Nikon Z6,Accessories,4086.69,5
ORD-04865,2023-08-16,Canon R5,Electronics,8851.64,5
ORD-04866,2024-02-21,iPad Air,Camera,8875.85,5
ORD-04867,2023-02-08,Samsung S24,Electronics,2262.4,2
ORD-04868,2024-08-14,Canon R5,Accessories,4523.88,4
ORD-04869,2024-06-11,Nikon Z6,Accessories,5173.6,3
ORD-04870,2023-01-11,Nikon Z6,Accessories,770.22,1
ORD-04871,2024-06-08,Nikon Z6,Electronics,1270.26,1
ORD-04872,2024-11-05,Nikon Z6,Electronics,1277.47,4
ORD-04873,2023-01-17,Dell XPS 13,Camera,1726.0,1
ORD-04874,2023-04-02,MacBook Pro,Electronics,1396.82,2
ORD-04875,2023-07-25,Samsung S24,Electronics,1680.94,2
ORD-04876,2024-08-10,Samsung S24,Camera,1686.64,1
ORD-04877,2023-10-09,iPhone 15,Accessories,1269.79,3
ORD-04878,2024-01-24,iPhone 15,Electronics,1390.66,1
ORD-04879,2023-09-13,MacBook Pro,Camera,4818.59,5
ORD-04880,2023-08-23,Canon R5,Camera,556.28,3
ORD-04881,2024-07-09,iPhone 15,Accessories,1179.99,1
ORD-04882,2023-12-20,Dell XPS 13,Electronics,1971.74,3
ORD-04883,2023-04-22,iPad Air,Electronics,1039.08,5
ORD-04884,2023-05-31,Sony WH-1000,Accessories,4050.42,3
ORD-04885,2023-05-26,Dell XPS 13,Accessories,5434.99,3
ORD-04886,2023-11-06,Galaxy Tab,Accessories,1882.27,2
ORD-04887,2023-04-13,Nikon Z6,Camera,1354.36,4
ORD-04888,2023-03-04,iPad Air,Electronics,1914.8,3
ORD-04889,2023-04-25,MacBook Pro,Camera,2351.83,4
ORD-04890,2024-11-18,Dell XPS 13,Electronics,1070.79,2
ORD-04891,2023-12-17,Dell XPS 13,Camera,4388.95,3
ORD-04892,2023-06-22,DJI Mini 4,Accessories,3377.85,3
ORD-04893,2024-09-30,Galaxy Tab,Camera,211.56,1
ORD-04894,2023-09-29,Samsung S24,Camera,1345.76,1
ORD-04895,2023-02-10,iPad Air,Accessories,1066.08,1
ORD-04896,2023-10-05,DJI Mini 4,Camera,8959.52,5
ORD-04897,2023-08-19,Canon R5,Electronics,5664.51,3
ORD-04898,2023-08-20,Canon R5,Accessories,3363.32,2
ORD-04899,2024-09-29,MacBook Pro,Accessories,620.02,3
ORD-04900,2024-06-30,Nikon Z6,Camera,4993.48,4
ORD-04901,2024-07-16,Dell XPS 13,Electronics,393.62,1
ORD-04902,2023-05-09,DJI Mini 4,Accessories,2447.19,4
ORD-04903,2023-12-30,Canon R5,Electronics,3758.45,2
ORD-04904,2024-07-18,Nikon Z6,Electronics,6042.38,4
ORD-04905,2023-12-19,MacBook Pro,Camera,1146.69,4
ORD-04906,2023-11-24,Sony WH-1000,Electronics,999.62,5
ORD-04907,2024-11-03,Canon R5,Camera,850.54,1
ORD-04908,2023-03-16,iPhone 15,Camera,5274.92,3
ORD-04909,2024-01-29,Samsung S24,Camera,3104.05,3
ORD-04910,2024-08-07,Nikon Z6,Accessories,4152.87,3
ORD-04911,2023-06-12,DJI Mini 4,Electronics,7473.25,4
ORD-04912,2023-06-17,Nikon Z6,Accessories,1963.45,1
ORD-04913,2024-03-27,Sony WH-1000,Camera,370.3,1
ORD-04914,2023-10-08,DJI Mini 4,Electronics,3063.27,3
ORD-04915,2023-08-27,DJI Mini 4,Electronics,511.73,5
ORD-04916,2024-05-25,Canon R5,Electronics,2894.92,5
ORD-04917,2024-07-24,iPhone 15,Camera,3011.6,2
ORD-04918,2023-10-28,Nikon Z6,Accessories,1196.38,3
ORD-04919,2023-06-19,MacBook Pro,Electronics,5004.1,5
ORD-04920,2024-11-30,Samsung S24,Accessories,1594.73,1
ORD-04921,2024-09-29,iPad Air,Camera,1361.88,4
ORD-04922,2023-03-27,Canon R5,Electronics,2747.15,4
ORD-04923,2023-12-21,Sony WH-1000,Accessories,4254.13,5
ORD-04924,2023-08-17,iPad Air,Electronics,7283.23,4
ORD-04925,2023-05-02,Dell XPS 13,Camera,4274.11,5
ORD-04926,2023-01-25,iPad Air,Accessories,3652.81,2
ORD-04927,2024-02-24,DJI Mini 4,Accessories,1790.57,4
ORD-04928,2023-01-16,Dell XPS 13,Electronics,5233.64,5
ORD-04929,2023-10-24,Galaxy Tab,Camera,5150.28,3
ORD-04930,2023-08-24,Samsung S24,Camera,1864.69,4
ORD-04931,2024-05-14,iPad Air,Camera,3421.03,3
ORD-04932,2023-01-10,DJI Mini 4,Accessories,3689.14,5
ORD-04933,2023-11-25,MacBook Pro,Electronics,2465.56,3
ORD-04934,2023-10-25,iPad Air,Electronics,3637.72,5
ORD-04935,2023-04-14,DJI Mini 4,Electronics,7218.83,4
ORD-04936,2023-05-19,Galaxy Tab,Accessories,8888.09,5
ORD-04937,2023-01-31,Sony WH-1000,Accessories,6590.62,4
ORD-04938,2023-11-26,Sony WH-1000,Electronics,8171.82,5
ORD-04939,2024-09-07,Sony WH-1000,Electronics,5572.46,4
ORD-04940,2023-09-07,Galaxy Tab,Camera,1691.58,2
ORD-04941,2023-09-06,Nikon Z6,Electronics,3433.72,3
ORD-04942,2023-03-21,DJI Mini 4,Electronics,1943.97,1
ORD-04943,2023-06-03,DJI Mini 4,Electronics,256.06,2
ORD-04944,2023-01-08,Sony WH-1000,Accessories,8374.85,5
ORD-04945,2023-11-11,Dell XPS 13,Camera,7639.31,4
ORD-04946,2023-09-05,DJI Mini 4,Electronics,2644.91,3
ORD-04947,2024-07-30,Galaxy Tab,Camera,1265.33,2
ORD-04948,2023-12-25,iPhone 15,Electronics,5702.03,3
ORD-04949,2023-10-07,Galaxy Tab,Electronics,1042.57,1
ORD-04950,2023-12-25,Nikon Z6,Electronics,764.9,3
ORD-04951,2023-08-09,iPhone 15,Electronics,7062.22,5
ORD-04952,2023-05-14,iPhone 15,Electronics,8992.48,5
ORD-04953,2024-12-26,Canon R5,Accessories,3604.16,3
ORD-04954,2023-06-29,Galaxy Tab,Electronics,347.47,1
ORD-04955,2023-03-27,Canon R5,Accessories,4240.08,4
ORD-04956,2024-10-30,Galaxy Tab,Accessories,6177.9,5
ORD-04957,2023-12-19,Nikon Z6,Electronics,7407.34,5
ORD-04958,2023-11-22,iPad Air,Electronics,496.8,1
ORD-04959,2023-06-25,Canon R5,Electronics,9218.99,5
ORD-04960,2024-08-26,MacBook Pro,Electronics,423.74,2
ORD-04961,2024-11-11,MacBook Pro,Electronics,4686.93,3
ORD-04962,2024-08-11,Canon R5,Electronics,5437.07,4
ORD-04963,2023-12-04,Sony WH-1000,Camera,7591.46,4
ORD-04964,2024-09-13,Canon R5,Camera,7516.81,5
ORD-04965,2023-12-29,MacBook Pro,Camera,1662.07,1
ORD-04966,2024-03-31,Nikon Z6,Electronics,9326.47,5
ORD-04967,2023-05-06,Nikon Z6,Camera,2903.04,5
ORD-04968,2023-04-17,MacBook Pro,Accessories,2942.19,4
ORD-04969,2023-09-21,iPhone 15,Electronics,1821.62,2
ORD-04970,2023-12-20,Galaxy Tab,Electronics,2471.95,4
ORD-04971,2024-07-30,Nikon Z6,Electronics,1854.24,1
ORD-04972,2024-12-02,iPhone 15,Accessories,7304.34,4
ORD-04973,2024-10-05,Dell XPS 13,Electronics,3596.93,2
ORD-04974,2024-04-15,iPad Air,Accessories,602.33,1
ORD-04975,2024-09-20,DJI Mini 4,Camera,894.37,5
ORD-04976,2023-08-17,MacBook Pro,Electronics,2067.29,4
ORD-04977,2023-08-06,Sony WH-1000,Electronics,3349.85,2
ORD-04978,2024-02-18,iPhone 15,Camera,1196.8,5
ORD-04979,2024-02-01,iPhone 15,Electronics,1734.67,1
ORD-04980,2024-09-09,Sony WH-1000,Accessories,4475.75,4
ORD-04981,2023-07-05,Canon R5,Camera,1110.87,2
ORD-04982,2023-08-11,Canon R5,Electronics,5849.75,4
ORD-04983,2024-04-09,iPad Air,Electronics,2133.69,3
ORD-04984,2024-10-19,Samsung S24,Electronics,604.1,1
ORD-04985,2023-07-05,DJI Mini 4,Electronics,563.17,1
ORD-04986,2023-12-14,Sony WH-1000,Camera,6541.99,5
ORD-04987,2023-10-31,iPhone 15,Camera,4022.52,5
ORD-04988,2023-01-10,Samsung S24,Camera,4860.04,4
ORD-04989,2024-08-06,Galaxy Tab,Accessories,6997.46,5
ORD-04990,2023-12-17,Dell XPS 13,Accessories,4120.31,4
ORD-04991,2023-06-23,Galaxy Tab,Camera,2797.85,2
ORD-04992,2024-10-30,Sony WH-1000,Electronics,1008.68,4
ORD-04993,2024-08-10,Dell XPS 13,Electronics,751.92,3
ORD-04994,2024-07-04,DJI Mini 4,Accessories,1622.09,1
ORD-04995,2023-09-26,Canon R5,Accessories,1085.45,3
ORD-04996,2023-07-30,Galaxy Tab,Camera,4772.38,5
ORD-04997,2024-12-07,Nikon Z6,Accessories,1332.07,1
ORD-04998,2023-01-30,DJI Mini 4,Camera,4003.16,4
ORD-04999,2023-08-22,Canon R5,Camera,195.24,1
ORD-05000,2024-06-17,Samsung S24,Camera,1816.38,2
